vendor,is_digital,agencies,description,transaction_count,fy2016_spending,fy2017_spending,fy2018_spending,fy2019_spending,fy2020_spending,fy2021_spending,fy2022_spending,fy2023_spending,fy2024_spending,fy2025_spending,budget_codes_fy25,expense_categories_fy25,pct_confirmed_digital_fy25
CDW GOVERNMENT LLC,Mixed,Administration for Children's Services; Board of Correction; Board of Elections; Borough President - Bronx; Borough President - Brooklyn; Borough President - Manhattan; Borough President - Queens; Borough President - Staten Island; Brooklyn Community Board # 8; Business Integrity Commission; Campaign Finance Board; City Clerk; City Council; City University of New York; Conflicts of Interest Board; Department for the Aging; Department of Buildings; Department of Citywide Administrative Services; Department of Consumer & Worker Protection; Department of Correction; Department of Design and Construction; Department of Education; Department of Emergency Management; Department of Environmental Protection; Department of Finance; Department of Health and Mental Hygiene; Department of Homeless Services; Department of Information Technology and Telecommunications; Department of Parks and Recreation; Department of Probation; Department of Records and Information Services; Department of Sanitation; Department of Social Services; Department of Transportation; Equal Employment Practices Commission; Financial Information Services Agency; Fire Department; Housing Preservation and Development; Independent Budget Office; Landmarks Preservation Commission; Law Department; Mayoralty; NYC Taxi and Limousine Commission; New York Public Library; OFFICE OF CRIMINAL JUSTICE; OFFICE OF RACIAL EQUITY; Office of Administrative Tax Appeals; Police Department; SCHOOL CONSTRUCTION AUTHORITY; Staten Island Community Board # 3,Digital Velocity Services for custom solutions + application modernization,10000,215744522,302568536,337014085,315560095,286024173,353525062,667468639,486801902,626913358,568544544,"8843 (10%, REIMBURSEABLE SUPPORT-GE INST ELE/MID/HS); 4601 (8%, MANAGEMENT INFORMATION SYSTEMS); 7719 (6%, DIIT); 1300 (5%, NYC CYBER COMMAND); 03DT (5%, CITY COUNCIL FUNDING FOR DOE PUBLIC SCHO); 4301 (4%, GE INST & SCHOOL SUPERVISION ELE/MIDDLE); 8815 (3%, SSBA); PALA (3%, FDNY, CITY-WIDE: NETWORK FIREWALL UPGRAD); 3330 (2%, IT OPERATIONS - DATA PROTECTION SERVICES); LPR1 (2%, NYPD, CITYWIDE: PURCHASE & INSTALL OF LI)",SUPPLIES + MATERIALS - GENERAL (22%); DATA PROCESSING EQUIPMENT MAINTENANCE (21%); EQUIPMENT GENERAL (11%); CONSTRUCTION-BUILDINGS (10%); CAPITAL PURCHASED EQUIPMENT (10%); CAPITAL ONLY FUNDED SBITA (6%); SPLIT FUNDED SBITA (4%); DATA PROCESSING SUPPLIES (3%); PURCH DATA PROCESSING EQUIPT (2%); PROF SERV OTHER (2%),6.0
SHI INTERNATIONAL CORP,Mixed,Administration for Children's Services; Board of Correction; Board of Elections; Borough President - Bronx; Borough President - Brooklyn; Borough President - Manhattan; Borough President - Queens; Borough President - Staten Island; Business Integrity Commission; COMMISSION ON RACIAL EQUITY; Campaign Finance Board; City Clerk; City Council; City University of New York; Civil Service Commission; Civilian Complaint Review Board; Commission on Human Rights; Conflicts of Interest Board; Department for the Aging; Department of Buildings; Department of City Planning; Department of Citywide Administrative Services; Department of Consumer & Worker Protection; Department of Correction; Department of Cultural Affairs; Department of Design and Construction; Department of Education; Department of Emergency Management; Department of Environmental Protection; Department of Finance; Department of Health and Mental Hygiene; Department of Homeless Services; Department of Information Technology and Telecommunications; Department of Parks and Recreation; Department of Probation; Department of Records and Information Services; Department of Sanitation; Department of Small Business Services; Department of Social Services; Department of Transportation; Department of Veterans' Services; Department of Youth and Community Development; Equal Employment Practices Commission; Financial Information Services Agency; Fire Department; Housing Preservation and Development; Independent Budget Office; Landmarks Preservation Commission; Law Department; Mayoralty; NYC Taxi and Limousine Commission; New York Public Library; New York Research Libraries; OFFICE OF CRIMINAL JUSTICE; Office of Administrative Tax Appeals; Office of Administrative Trials and Hearings; Office of Collective Bargaining; Office of Payroll Administration; Office of the Actuary; Office of the Comptroller; Police Department; Queens Community Board # 2; SCHOOL CONSTRUCTION AUTHORITY,Platform integration (Vail smart city) + Digital AI Ambassador development platform,1575,20165789,10224399,12683741,52561555,145668045,132805112,186943515,219367245,191861259,287570525,"1300 (16%, NYC CYBER COMMAND); VMLA (12%, OTI: PURCHASE OF CITYWIDE VMWARE ENTERPR); 3310 (7%, INFRASTRUCTURE TECH ARCHITECTURE); ESRT (7%, OTI: PURCHASE & IMPLEMENTATION OF TRELLI); MYCB (4%, OTI: MYCITY BUSINESS PORTAL APPLICATION); 8811 (3%, MYCITY PROJECT); 4601 (3%, MANAGEMENT INFORMATION SYSTEMS); 9912 (3%, MANAGEMENT INFORMATION SYSTEMS); 3200 (3%, IU - MAINFRAME); 7719 (3%, DIIT)",DATA PROCESSING EQUIPMENT MAINTENANCE (36%); CAPITAL ONLY FUNDED SBITA (28%); CAPITAL PURCHASED EQUIPMENT (7%); PROF SERV OTHER (5%); SUPPLIES + MATERIALS - GENERAL (4%); CONTRACTUAL SERVICES GENERAL (4%); DATA PROCESSING SUPPLIES (4%); PROF SERV COMPUTER SERVICES (3%); SPLIT FUNDED SBITA (2%); BOOKS-OTHER (1%),31.0
DELL MARKETING LP,Mixed,Administration for Children's Services; Board of Correction; Borough President - Brooklyn; Brooklyn Community Board # 1; Brooklyn Community Board # 13; Brooklyn Community Board # 16; Campaign Finance Board; City Clerk; City Council; City University of New York; Civilian Complaint Review Board; Department of Buildings; Department of City Planning; Department of Citywide Administrative Services; Department of Consumer & Worker Protection; Department of Correction; Department of Design and Construction; Department of Education; Department of Emergency Management; Department of Environmental Protection; Department of Finance; Department of Health and Mental Hygiene; Department of Information Technology and Telecommunications; Department of Parks and Recreation; Department of Records and Information Services; Department of Sanitation; Department of Small Business Services; Department of Social Services; Department of Transportation; Department of Youth and Community Development; Financial Information Services Agency; Fire Department; Housing Preservation and Development; Independent Budget Office; Law Department; Manhattan Community Board # 3; Mayoralty; NYC Taxi and Limousine Commission; OFFICE OF CRIMINAL JUSTICE; Office of Collective Bargaining; Office of the Comptroller; Police Department; Queens Borough Public Library; Queens Community Board # 5; Queens Community Board # 6; Queens Community Board # 9; SCHOOL CONSTRUCTION AUTHORITY,"IT hardware vendor + cloud services, software, digital solutions for government",432,80218859,67804131,63234381,110728709,75410784,256621733,132039779,67224265,131287973,78663517,"3334 (38%, MICROSOFT ELA INTRA-CITY FUNDING); DCRM (14%, OTI: 311 CUSTOMER SERVICE MANAGEMENT SYS); 5204 (7%, CLOUD SERVICES - I/C); 3204 (6%, IU MAINFRAME - I/C); 7719 (5%, DIIT); 8100 (4%, CITYWIDE SUPPORT); 4601 (2%, MANAGEMENT INFORMATION SYSTEMS); 6300 (2%, BRONX COMMUNITY COLLEGE); 4604 (2%, MISD-TREASURY); LNW6 (2%, NYPD, CITYWIDE: PURCHASE OF 7,000 DESKTO)",DATA PROCESSING EQUIPMENT MAINTENANCE (54%); CAPITAL ONLY FUNDED SBITA (14%); DATA PROCESSING SERVICES (7%); DATA PROCESSING SUPPLIES (5%); SUPPLIES + MATERIALS - GENERAL (5%); PURCH DATA PROCESSING EQUIPT (4%); OTHR SERV AND CHRGS-GENERAL (4%); CAPITAL PURCHASED EQUIPMENT (3%); PROF SERV COMPUTER SERVICES (0%); CONTRACTUAL SERVICES GENERAL (0%),14.0
INTERNATIONAL BUSINESS MACHINES CORP,Mixed,City University of New York; Department for the Aging; Department of Consumer & Worker Protection; Department of Education; Department of Environmental Protection; Department of Health and Mental Hygiene; Department of Information Technology and Telecommunications; Department of Social Services; Financial Information Services Agency; Office of Payroll Administration; Police Department; SCHOOL CONSTRUCTION AUTHORITY,IBM iX digital consultancy + application development using agile/DevSecOps,366,203193736,109824938,78719954,76644308,101547798,125031286,111524706,115461541,100934248,71390926,"4601 (30%, MANAGEMENT INFORMATION SYSTEMS); 8247 (9%, DATASHARE - ASSET FORFEITURE GRANT); 3204 (9%, IU MAINFRAME - I/C); 5000 (8%, CITYTIME); TEC5 (8%, BL 2365_TEC5); 3200 (8%, IU - MAINFRAME); 3131 (7%, APPLICATIONS); 0101 (6%, INTERNAL AUDIT); 311C (5%, OTI 311 MOBILE APPLICATION IT EQUIPMENT); 1300 (3%, NYC CYBER COMMAND)",DATA PROCESSING EQUIPMENT MAINTENANCE (65%); PROF SERV COMPUTER SERVICES (13%); CONSTRUCTION-BUILDINGS (8%); PROF SERV OTHER (7%); CAPITAL PURCHASED EQUIPMENT (5%); CONTRACTUAL SERVICES GENERAL (1%); OTHR SERV AND CHRGS-GENERAL (0%); DATA PROCESSING SUPPLIES (0%); PROMPT PAYMENT INTEREST (0%),13.0
"Motorola Solutions, Inc",Mixed,Administration for Children's Services; Department of Citywide Administrative Services; Department of Correction; Department of Emergency Management; Department of Environmental Protection; Department of Finance; Department of Health and Mental Hygiene; Department of Information Technology and Telecommunications; Department of Parks and Recreation; Department of Sanitation; Department of Transportation; Fire Department; Health and Hospitals Corporation; Housing Preservation and Development; Police Department,Command center software platforms + RapidDeploy 911 cloud platform acquisition,347,59542346,58796409,131505223,108092792,112260470,79813246,65174108,105868291,99754831,136450336,"APX4 (38%, NYPD, CITYWIDE: PURCHASE OF 8,889 APEX); APX3 (13%, NYPD, CITYWIDE: PURCHASE OF 10,150 APEX); 161B (6%, COMMUNICATIONS DIVISION); LS01 (6%, NYPD, CITYWIDE: RADIO TRANSMITTER CORE I); 7600 (5%, ECTP RELATED COSTS); 0800 (5%, WIRELESS); LS02 (4%, NYPD, CITY-WIDE: HARDWARE, SOFTWARE, & P); 0837 (2%, FFY21-22SICG); MRIO (2%, FDNY: MOBILE RADIO EQUIPMENT SYSTEM INCL); RADA (2%, DCAS MOTOROLA APX NEXT N70 SMART RADIOS)",CAPITAL PURCHASED EQUIPMENT (75%); CONTRACTUAL SERVICES GENERAL (12%); MAINT & REP GENERAL (6%); EQUIPMENT GENERAL (4%); TELECOMMUNICATIONS EQUIPMENT (1%); DATA PROCESSING EQUIPMENT MAINTENANCE (1%); SUPPLIES + MATERIALS - GENERAL (0%); DATA PROCESSING SUPPLIES (0%); TELECOMMUNICATIONS MAINT (0%); OTHR SERV AND CHRGS-GENERAL (0%),0.0
PRESIDIO NETWORKED SOLUTIONS GROUP LLC,Mixed,Administration for Children's Services; Board of Correction; Borough President - Brooklyn; Borough President - Manhattan; Commission on Human Rights; Department of Buildings; Department of Citywide Administrative Services; Department of Consumer & Worker Protection; Department of Education; Department of Finance; Department of Health and Mental Hygiene; Department of Information Technology and Telecommunications; Department of Parks and Recreation; Department of Records and Information Services; Department of Sanitation; Department of Social Services; Department of Youth and Community Development; Independent Budget Office; Landmarks Preservation Commission; Law Department; Mayoralty; NYC Taxi and Limousine Commission; Office of Administrative Trials and Hearings; Office of Payroll Administration; SCHOOL CONSTRUCTION AUTHORITY,Application development and modernization + digital transformation services,911,56138019,12733871,37729473,56224277,54908951,76028048,135838882,130146050,83593917,83898456,"7719 (22%, DIIT); CON5 (18%, 040 SSBA-CC); 0631 (13%, 311 TELECOMM MODERNIZATION); 4648 (7%, GE CENTRAL MANAGED SCH SUPP); 5200 (7%, TELECOM SERVICES - I/C); TEC3 (4%, TEC3); 0711 (3%, PUBLIC SAFETY IT SERVICES); E706 (3%, IMPLEMENTATION OF THE SEVENTH FIVE-YEAR); CYBE (3%, HRA; PROCURE HARDWARE, SOFTWARE & PROFES); EOLS (3%, ACS: PURCHASE NETWORK SWITCH IT EQUIPMEN)",CONSTRUCTION-BUILDINGS (29%); DATA PROCESSING EQUIPMENT MAINTENANCE (20%); SUPPLIES + MATERIALS - GENERAL (16%); CAPITAL PURCHASED EQUIPMENT (11%); PROF SERV OTHER (5%); TELECOMMUNICATIONS MAINT (4%); CAPITAL ONLY FUNDED SBITA (4%); CONTRACTUAL SERVICES GENERAL (4%); PROF SERV COMPUTER SERVICES (3%); EQUIPMENT GENERAL (1%),7.0
VEXCEL CORPORATION,Digital,Police Department,Microsoft subsidiary - cloud integration + AI/IoT + digital twins + 3D mapping for government,22,5033487,2948853,6254334,4153487,2052892,0,0,0,80363945,71965483,"2756 (74%, FFY23 URBAN AREA SECURITY INITIATIVE); 161B (14%, COMMUNICATIONS DIVISION); 4631 (6%, DAS); 4601 (4%, MANAGEMENT INFORMATION SYSTEMS); 1992 (1%, FFY22 S LAW ENFORCEMENT TERRORISM PREVEN); 2755 (1%, FFY22 URBAN AREA SECURITY INITIATIVE); 1832 (0%, FFY19 - PORT SECURITY GRANT PROGRAM)",CONTRACTUAL SERVICES GENERAL (100%),0.0
WORLD WIDE TECHNOLOGY LLC,Mixed,Administration for Children's Services; Board of Elections; Borough President - Brooklyn; Business Integrity Commission; City Council; Civilian Complaint Review Board; Conflicts of Interest Board; Department of Buildings; Department of City Planning; Department of Citywide Administrative Services; Department of Consumer & Worker Protection; Department of Correction; Department of Design and Construction; Department of Emergency Management; Department of Environmental Protection; Department of Finance; Department of Health and Mental Hygiene; Department of Homeless Services; Department of Information Technology and Telecommunications; Department of Parks and Recreation; Department of Probation; Department of Records and Information Services; Department of Sanitation; Department of Small Business Services; Department of Social Services; Department of Transportation; Financial Information Services Agency; Fire Department; Housing Preservation and Development; Independent Budget Office; Law Department; Mayoralty; NYC Taxi and Limousine Commission; New York Public Library; OFFICE OF CRIMINAL JUSTICE; Office of Administrative Trials and Hearings; Office of the Comptroller; Police Department,Application software development + digital experiences + largest NYC minority-owned contract,546,0,0,0,0,898,612,31403,56207026,77238068,74282926,"4601 (21%, MANAGEMENT INFORMATION SYSTEMS); 3400 (11%, IU - NETWORK OPERATIONS); 1054 (8%, MANAGEMENT INFORMATION SERVICE); 0711 (7%, PUBLIC SAFETY IT SERVICES); NDC1 (6%, OCME, 2 METROTECH CENTER, BKLYN: PURCHAS); 3004 (4%, PC PURCHASING CONSOLIDATION); 3307 (4%, TECHNOLOGY DEVELOPMENT & SYSTEMS); 3310 (4%, INFRASTRUCTURE TECH ARCHITECTURE); 3330 (3%, IT OPERATIONS - DATA PROTECTION SERVICES); 4332 (2%, FFY 2023 STATE HOMELAND SECURITY GRANT)",DATA PROCESSING EQUIPMENT MAINTENANCE (61%); CAPITAL PURCHASED EQUIPMENT (11%); CONTRACTUAL SERVICES GENERAL (10%); PROF SERV COMPUTER SERVICES (5%); DATA PROCESSING SERVICES (4%); DATA PROCESSING SUPPLIES (3%); MAINT & REP GENERAL (2%); PURCH DATA PROCESSING EQUIPT (2%); EXPENSE ONLY FUNDED SBITA (1%); CAPITAL ONLY FUNDED SBITA (1%),7.0
"PRUTECH SOLUTIONS, INC",Digital,Conflicts of Interest Board; Department of Citywide Administrative Services; Department of Design and Construction; Department of Education; Department of Environmental Protection; Department of Homeless Services; Department of Information Technology and Telecommunications; Department of Sanitation; Department of Small Business Services; Department of Social Services; Fire Department; Housing Preservation and Development; Law Department; SCHOOL CONSTRUCTION AUTHORITY,"IT consulting: custom application development, Salesforce implementation for government, cloud services, digital transformation",214,7180918,6755387,12865619,23475553,28812542,41721539,40405869,58077714,52752941,61114252,"TEC3 (24%, TEC3); 7719 (20%, DIIT); 4648 (13%, GE CENTRAL MANAGED SCH SUPP); 3307 (9%, TECHNOLOGY DEVELOPMENT & SYSTEMS); 9912 (5%, MANAGEMENT INFORMATION SYSTEMS); 9940 (5%, DHS ITS); 8811 (3%, MYCITY PROJECT); OATP (2%, DAVID N DINKINS MUNICIPAL BLDG, 1 CENTRE); E706 (2%, IMPLEMENTATION OF THE SEVENTH FIVE-YEAR); 9580 (2%, PUBLIC ENGAGEMENT AOTPS)",PROF SERV COMPUTER SERVICES (59%); CONSTRUCTION-BUILDINGS (28%); CAPITAL PURCHASED EQUIPMENT (4%); DATA PROCESSING EQUIPMENT MAINTENANCE (3%); PROF SERV OTHER (2%); CONTRACTUAL SERVICES GENERAL (2%); ADMINISTRATIVE EXPENSES (2%); CAPITAL ONLY FUNDED SBITA (1%); PROF SERV ENGINEER & ARCHITECT (0%); DATA PROCESSING SUPPLIES (0%),60.0
MTX B2B SOLUTIONS LLC,Digital,Department of Information Technology and Telecommunications,"Digital transformation consulting: Salesforce development, mobile/web apps, grant and license management systems, AI-driven document automation",3,0,0,38466,67364,0,15893259,47551291,19718671,38140198,9628859,"M001 (91%, ASLYUM SUPPORT); CVV2 (9%, VACCINE COSTS - FEMA)",CONTRACTUAL SERVICES GENERAL (100%),0.0
SPRUCE TECHNOLOGY INC,Digital,Administration for Children's Services; Campaign Finance Board; City University of New York; Department of Buildings; Department of Citywide Administrative Services; Department of Design and Construction; Department of Education; Department of Environmental Protection; Department of Health and Mental Hygiene; Department of Information Technology and Telecommunications; Department of Small Business Services; Department of Social Services; Department of Transportation; Department of Youth and Community Development; Independent Budget Office; Law Department; Office of Collective Bargaining; SCHOOL CONSTRUCTION AUTHORITY,Digital platform and technology services across multiple agencies,544,137747,4511249,14627278,9307773,16162915,28862127,42171410,48958960,37875821,34327190,"6111 (21%, DOBNOW PROJECT); TEC3 (18%, TEC3); TEC5 (15%, BL 2365_TEC5); NOW2 (11%, DOB, 280 BROADWAY, MN: IMPLEMENTATION DO); 7719 (8%, DIIT); 1004 (3%, TECHNOLOGY); E707 (3%, 040 E-2366); NYCG (2%, OTI: UPGRADE TO NYC.GOV WEBSITE INCL SOF); 4648 (2%, GE CENTRAL MANAGED SCH SUPP); 7413 (2%, FINANCIAL SYSTEMS AND BUSINESS OPS)",PROF SERV COMPUTER SERVICES (40%); CONSTRUCTION-BUILDINGS (33%); CAPITAL PURCHASED EQUIPMENT (14%); ADMINISTRATIVE EXPENSES (4%); CAPITAL ONLY FUNDED SBITA (2%); PROF SERV DIRECT EDUC SERV (2%); PROF SERV OTHER (2%); DATA PROCESSING SUPPLIES (2%); CONTRACTUAL SERVICES GENERAL (1%); MAINT & REP GENERAL (0%),42.0
"INNOVATIVE BUSINESS CONCEPTS,INC",Digital,Department of Information Technology and Telecommunications,Primary MyCity Portal contractor; works with DoITT on digital platforms and services,15,0,0,0,0,0,2925206,6677605,25667712,35232696,33270477,"M001 (98%, ASLYUM SUPPORT); 8100 (2%, CITYWIDE SUPPORT); 8811 (0%, MYCITY PROJECT)",CONTRACTUAL SERVICES GENERAL (100%); PROF SERV COMPUTER SERVICES (0%),0.0
EXPERIS US LLC,Digital,Department of Education; Department of Sanitation; Department of Social Services; Department of Transportation; Financial Information Services Agency; SCHOOL CONSTRUCTION AUTHORITY,"IT professional staffing and consulting for digital transformation, cloud, cybersecurity, application development",61,0,0,0,0,0,0,0,8406656,28267456,17229870,"TEC3 (53%, TEC3); 9733 (26%, WECARE CMS); 5411 (8%, RELATED SERVICES -CENTRALLY ADMINISTERED); 8888 (7%, REIMBUR SUP-CENTL SCH SUP PROG & SERV); U024 (6%, DSNY BUREAU OF INFORMATION TECHNOLOGY (B); 4000 (1%, FMS3 MAINTENANCE); 4140 (0%, PARKING AND METER COLLECTIONS); 4120 (0%, SIGNAL MAINTENANCE)",CONSTRUCTION-BUILDINGS (53%); DATA PROCESSING EQUIPMENT MAINTENANCE (26%); PROF SERV COMPUTER SERVICES (16%); CAPITAL PURCHASED EQUIPMENT (6%); PROF SERV OTHER (0%),16.0
ACCENTURE LLP,Mixed,Department of Information Technology and Telecommunications; Fire Department; Mayoralty; Police Department,"Major digital transformation consultancy: custom application development, cloud migration, system integration",13,73379,74255,1049158,9433288,5003347,9789042,12945849,13575813,22853241,11653556,"0901 (58%, TECHNOLOGY STRATEGY); 7604 (28%, FIRE CAD); 3307 (9%, TECHNOLOGY DEVELOPMENT & SYSTEMS); 5008 (5%, PERS BUR-FED ASSET FORF); 3200 (1%, IU - MAINFRAME)",PROF SERV COMPUTER SERVICES (91%); PROF SERV OTHER (5%); DATA PROCESSING EQUIPMENT MAINTENANCE (4%),91.0
MYTHICS LLC,Digital,Administration for Children's Services; City University of New York; Department of Buildings; Department of Correction; Department of Design and Construction; Department of Education; Department of Environmental Protection; Department of Finance; Department of Health and Mental Hygiene; Department of Information Technology and Telecommunications; Department of Parks and Recreation; Department of Sanitation; Department of Social Services; Financial Information Services Agency; Fire Department; Housing Preservation and Development; Mayoralty; Office of the Comptroller; SCHOOL CONSTRUCTION AUTHORITY,"Oracle systems integrator, cloud migration, enterprise software development, consulting services",82,0,0,0,0,0,0,0,1216933,19922173,20159332,"2000 (24%, NYCAPS); 3307 (12%, TECHNOLOGY DEVELOPMENT & SYSTEMS); ORCL (8%, FDNY: PURCHASE ORACLE LEGACY IT EQUIPMEN); 5000 (8%, CITYTIME); 9912 (8%, MANAGEMENT INFORMATION SYSTEMS); 3131 (7%, APPLICATIONS); APPD (4%, FDNY @ 11 METROTECH, BKLYN: FDNY ADMINIS); APPA (4%, FDNY @ 11 METROTECH, BKLYN: FDNY ADMINIS); 3214 (3%, CSMS TECHNICAL SUPPORT - IC); 3350 (2%, IT OPERATION)",DATA PROCESSING EQUIPMENT MAINTENANCE (74%); CAPITAL PURCHASED EQUIPMENT (19%); DATA PROCESSING SUPPLIES (2%); ADMINISTRATIVE EXPENSES (2%); MAINT & REP GENERAL (1%); OTHR SERV AND CHRGS-GENERAL (1%); OFFICE EQUIPMENT MAINTENANCE (1%); CONTRACTUAL SERVICES GENERAL (0%); SUPPLIES + MATERIALS - GENERAL (0%),0.0
QUALITY AND ASSURANCE TECHNOLOGY CORP,Digital,Administration for Children's Services; City University Construction Fund; City University of New York; Civilian Complaint Review Board; Department of Buildings; Department of City Planning; Department of Citywide Administrative Services; Department of Correction; Department of Emergency Management; Department of Environmental Protection; Department of Health and Mental Hygiene; Department of Homeless Services; Department of Information Technology and Telecommunications; Department of Parks and Recreation; Department of Probation; Department of Sanitation; Department of Small Business Services; Department of Social Services; Department of Transportation; Fire Department; Housing Preservation and Development; Independent Budget Office; Mayoralty; NYC Taxi and Limousine Commission; Office of the Comptroller; Police Department; SCHOOL CONSTRUCTION AUTHORITY,"Digital transformation, software-defined data centers, cloud migration, custom technology solutions",151,4830166,1421881,1995846,4132839,2308079,4931214,7055015,18069485,18730944,8513928,"E707 (15%, 040 E-2366); 4171 (8%, MANAGEMENT INFORMATION SYSTEMS); 6900 (8%, LAGUARDIA COMMUNITY COLLEGE); 6121 (7%, INFORMATION TECHNOLOGY); 6615 (5%, BMCC TECHNOLOGY FEES); 4170 (5%, MANAGEMENT INFORMATION SYSTEMS); 6400 (4%, QUEENSBOROUGH COMM COLLEGE); DCPN (4%, DEPARTMENT OF CITY WIDE PLANNING: IT EQU); 6633 (3%, MANAGEMENT INFORMATION SYSTEM); 6500 (3%, KINGSBOROUGH COMM COLLEGE)",PURCH DATA PROCESSING EQUIPT (41%); ADMINISTRATIVE EXPENSES (15%); DATA PROCESSING EQUIPMENT MAINTENANCE (10%); CAPITAL PURCHASED EQUIPMENT (9%); PROF SERV COMPUTER SERVICES (5%); DATA PROCESSING SUPPLIES (4%); MAINT & REP GENERAL (4%); OTHR SERV AND CHRGS-GENERAL (4%); CONTRACTUAL SERVICES GENERAL (3%); BOOKS-OTHER (2%),5.0
MASON TECHNOLOGIES INC,Mixed,Administration for Children's Services; City University of New York; Commission on Human Rights; Department for the Aging; Department of City Planning; Department of Citywide Administrative Services; Department of Consumer & Worker Protection; Department of Correction; Department of Environmental Protection; Department of Finance; Department of Health and Mental Hygiene; Department of Homeless Services; Department of Information Technology and Telecommunications; Department of Parks and Recreation; Department of Sanitation; Department of Social Services; Department of Transportation; Financial Information Services Agency; Fire Department; Health and Hospitals Corporation; Independent Budget Office; Law Department; Mayoralty; Office of Administrative Trials and Hearings; Office of the Comptroller; Police Department; SCHOOL CONSTRUCTION AUTHORITY,"Prime NYC OTI technology integration contractor. Smart building technologies, structured cabling, data center infrastructure. Mix of physical IT infrastructure + digital systems integration.",137,2533311,3841490,1518241,2247347,5603315,9938808,14725200,18305944,18479936,25321740,"E012 (23%, HURRICANE SANDY CONDUIT PROJECT); M001 (11%, ASYLUM SUPPORT); 9912 (8%, MANAGEMENT INFORMATION SYSTEMS); JG56 (6%, HHC: SOUTH BKLYN (2601 OCEAN PKWY, BKLYN); JG13 (6%, HHC, ELHURST (79-01 BROADWAY, QN): IT CA); 0711 (6%, PUBLIC SAFETY IT SERVICES); JG12 (5%, HHC, QUEENS (82-68 164TH STREET, QN): IT); 5200 (3%, TELECOM SERVICES - I/C); 1084 (3%, INFORMATION TECHNOLOGY-OTPS); PSIN (2%, OTI: FIREWALL IT EQUIPMENT SYSTEM UPGRAD)",CAPITAL PURCHASED EQUIPMENT (36%); SUPPLIES + MATERIALS - GENERAL (22%); TELECOMMUNICATIONS MAINT (19%); MAINT & REP GENERAL (11%); CONTRACTUAL SERVICES GENERAL (5%); DATA PROCESSING EQUIPMENT MAINTENANCE (3%); TELEPHONE & OTHER COMMUNICATNS (1%); EQUIPMENT GENERAL (1%); OTHR SERV AND CHRGS-GENERAL (1%); DATA PROCESSING SUPPLIES (0%),0.0
RCI TECHNOLOGIES INC,Digital,Department of Buildings; Department of Citywide Administrative Services; Department of Education; Department of Homeless Services; Department of Information Technology and Telecommunications; Department of Social Services; Department of Transportation,"Custom software development, digital system modernization, mobile applications, cloud computing, cybersecurity",30,1615273,2535499,3282836,4068760,5226639,7154368,15580744,22703476,17829941,9512088,"9912 (31%, MANAGEMENT INFORMATION SYSTEMS); 7719 (27%, DIIT); 9940 (7%, DHS ITS); 6111 (6%, DOBNOW PROJECT); 3131 (6%, APPLICATIONS); CAR1 (4%, DHS: PROCURE PROFESSIONAL SRVCS FOR CLIE); 4648 (4%, GE CENTRAL MANAGED SCH SUPP); NGEN (3%, DOITT: NEXT GENERATION 9-1-1 PROGRAM (NG); 9580 (2%, PUBLIC ENGAGEMENT AOTPS); MSME (2%, OTI: MYCITY APPLICATION DEVELOPMENT INCL)",PROF SERV COMPUTER SERVICES (88%); CAPITAL PURCHASED EQUIPMENT (6%); SPLIT FUNDED SBITA (4%); PROF SERV OTHER (2%); CONTRACTUAL SERVICES GENERAL (0%),88.0
MOTOROLA SOLUTIONS CONNECTIVITY INC,Mixed,Department of Citywide Administrative Services; Department of Information Technology and Telecommunications,Part of Motorola Solutions - connectivity and communication platforms for public safety,3,0,0,0,0,0,0,0,3392470,16558700,18480263,"0711 (49%, PUBLIC SAFETY IT SERVICES); NGN1 (34%, DOITT NEXT GENERATION 911 (NG911) IT EQU); NGN2 (12%, DOITT NEXT GENERATION 911 CALL HANDLING); NGN3 (6%, DOITT NEXT GENERATION 911 CALL HANDLING)",CAPITAL PURCHASED EQUIPMENT (51%); DATA PROCESSING EQUIPMENT MAINTENANCE (42%); PROF SERV OTHER (7%),0.0
COMPULINK TECHNOLOGIES INC,Digital,Administration for Children's Services; Board of Correction; Board of Elections; Borough President - Manhattan; Brooklyn Community Board # 17; Brooklyn Community Board # 9; City Council; City University of New York; Civilian Complaint Review Board; Department for the Aging; Department of Buildings; Department of City Planning; Department of Citywide Administrative Services; Department of Consumer & Worker Protection; Department of Correction; Department of Cultural Affairs; Department of Design and Construction; Department of Education; Department of Emergency Management; Department of Environmental Protection; Department of Finance; Department of Health and Mental Hygiene; Department of Homeless Services; Department of Information Technology and Telecommunications; Department of Parks and Recreation; Department of Probation; Department of Sanitation; Department of Social Services; Department of Transportation; Department of Veterans' Services; Department of Youth and Community Development; Financial Information Services Agency; Fire Department; Housing Preservation and Development; Independent Budget Office; Law Department; Mayoralty; NYC Taxi and Limousine Commission; New York Public Library; Office of Administrative Trials and Hearings; Office of Payroll Administration; Office of the Comptroller; Police Department; Queens Community Board # 1; Queens Community Board # 10; SCHOOL CONSTRUCTION AUTHORITY,"Cloud migration, digital transformation, cybersecurity, managed IT services",347,10740271,6359520,5866822,9102413,8684284,9037498,10909622,12257396,14536912,39071583,"CYBE (7%, HRA; PROCURE HARDWARE, SOFTWARE & PROFES); 3307 (6%, TECHNOLOGY DEVELOPMENT & SYSTEMS); 3400 (5%, IU - NETWORK OPERATIONS); 4601 (5%, MANAGEMENT INFORMATION SYSTEMS); WEPN (5%, DOC; PURCHASE OF FIREARMS TRACKING SYSTE); OTIW (5%, OTI: CITYWIDE COMMERICAL ENTERPRISE WIRE); CYB1 (4%, NYPD, CITYWIDE/HARDWARE WILL BE HOSTED A); E707 (3%, 040 E-2366); MYCC (3%, OTI: MYCITY CHILDCARE PORTAL APPLICATION); 0711 (3%, PUBLIC SAFETY IT SERVICES)",DATA PROCESSING EQUIPMENT MAINTENANCE (33%); CAPITAL PURCHASED EQUIPMENT (20%); PURCH DATA PROCESSING EQUIPT (10%); CAPITAL ONLY FUNDED SBITA (9%); DATA PROCESSING SUPPLIES (5%); ADMINISTRATIVE EXPENSES (4%); CONTRACTUAL SERVICES GENERAL (4%); SUPPLIES + MATERIALS - GENERAL (3%); EXPENSE ONLY FUNDED SBITA (2%); OTHR SERV AND CHRGS-GENERAL (1%),11.0
DELOITTE CONSULTING LLP,Mixed,Department of Information Technology and Telecommunications; Department of Social Services,"Major digital transformation consultancy: custom applications, cloud migration, system integration for government",9,508,3900000,2700000,2500000,8299968,6447531,6769886,10304965,10771864,7098232,"1300 (36%, NYC CYBER COMMAND); 3851 (33%, STRATEGIC INITIATIVES); 9912 (24%, MANAGEMENT INFORMATION SYSTEMS); EFT1 (7%, HRA; PROCURE PROFESSIONAL SERVICES TO DE)",PROF SERV OTHER (69%); DATA PROCESSING EQUIPMENT MAINTENANCE (23%); CAPITAL PURCHASED EQUIPMENT (7%),0.0
GCOM SOFTWARE LLC,Digital,Department of Citywide Administrative Services; Department of Correction; Department of Emergency Management; Department of Health and Mental Hygiene; Department of Information Technology and Telecommunications; Department of Social Services; Department of Transportation; Housing Preservation and Development; SCHOOL CONSTRUCTION AUTHORITY,"Government software platforms: health/human services, public safety, licensing systems",232,0,0,21589298,49045037,33426848,25816809,26356102,11051780,10742204,3439962,"E707 (38%, 040 E-2366); M002 (14%, ASYLUM SUPPORT); 8177 (8%, FFY 2023 HOMELAND SECURITY GRANT PROGRAM); E706 (6%, IMPLEMENTATION OF THE SEVENTH FIVE-YEAR); 7623 (6%, SEC 8 MOD REHAB/SRO ADMIN); NGEN (6%, DOITT: NEXT GENERATION 9-1-1 PROGRAM (NG); COMI (5%, HRA DATA CENTER CO-LOCATION PROJECT: PRO); 1106 (4%, SPECIAL CITY PROJECT - OTPS); 8167 (4%, 22UASI - GTS); DSAS (3%, HPD: DEVELOP & DEPLOY SUBSIDY AUTOMATION)",ADMINISTRATIVE EXPENSES (39%); CONTRACTUAL SERVICES GENERAL (27%); PROF SERV OTHER (10%); CAPITAL ONLY FUNDED SBITA (8%); CAPITAL PURCHASED EQUIPMENT (6%); CONSTRUCTION-BUILDINGS (5%); PROF SERV COMPUTER SERVICES (4%); EXPENSE ONLY FUNDED SBITA (0%); PROMPT PAYMENT INTEREST (0%),12.0
NICE SYSTEMS INCORPORATED,Digital,Department of Citywide Administrative Services; Department of Information Technology and Telecommunications,"Cloud contact center platforms (CXone), digital evidence management for law enforcement, AI-powered investigation software",2,9216994,9743050,16710626,13069774,12419052,13134816,14944444,18257068,10667953,12232688,"0711 (87%, PUBLIC SAFETY IT SERVICES); NGN1 (9%, DOITT NEXT GENERATION 911 (NG911) IT EQU); PSVP (2%, DOITT: PUBLIC SAFETY VOIP IT EQUIPMENT S); PBXE (2%, OTI PHONE IT EQUIPMENT SYSTEM INCL: HARD)",DATA PROCESSING EQUIPMENT MAINTENANCE (62%); CONTRACTUAL SERVICES GENERAL (26%); CAPITAL PURCHASED EQUIPMENT (13%),0.0
INTERGRAPH CORPORATION,Digital,Department of Citywide Administrative Services; Police Department,"Public safety software: Computer-Aided Dispatch (CAD), mobile incident management, GIS/mapping systems",2,8305228,18191237,10255892,7598933,15782330,16578939,10087884,10461157,10619263,10443674,"161B (100%, COMMUNICATIONS DIVISION); PDCD (0%, DOITT NYPD ICAD (COMPUTER AIDED DISPATCH); PDC1 (0%, DOITT NYPD ICAD (COMPUTER AIDED DISPATCH); PDW1 (0%, OTI NYPD INTERGRAPH COMPUTER AIDED DISPA)",CONTRACTUAL SERVICES GENERAL (100%); CAPITAL PURCHASED EQUIPMENT (0%),0.0
KPMG LLP,Mixed,Administration for Children's Services; Department of Citywide Administrative Services; Department of Education; Department of Homeless Services; Department of Information Technology and Telecommunications; Department of Social Services; SCHOOL CONSTRUCTION AUTHORITY,"Big 4 consultancy: digital transformation, custom applications, system integration, technology advisory for government",55,8934505,12954205,17238925,8615366,14705239,11470134,28876096,13069625,9328038,15342790,"E707 (44%, 040 E-2366); E706 (16%, IMPLEMENTATION OF THE SEVENTH FIVE-YEAR); NGIV (14%, DOITT NEXT GENERATION 911 (NG911) IV &); 2350 (13%, NON-SECURE DETENTION CONTRACTS); 7719 (9%, DIIT); 3851 (2%, STRATEGIC INITIATIVES); 9912 (1%, MANAGEMENT INFORMATION SYSTEMS); IVSS (1%, HRA; PROCURE PROFESSIONAL SRVCS, HARDWAR); 8910 (0%, ESG-HOMELESS MANAGEMENT INFORMATION SYST); 0711 (0%, PUBLIC SAFETY IT SERVICES)",ADMINISTRATIVE EXPENSES (59%); CAPITAL PURCHASED EQUIPMENT (14%); CONTRACTUAL SERVICES GENERAL (13%); PROF SERV COMPUTER SERVICES (9%); PROF SERV OTHER (4%); CONSTRUCTION-BUILDINGS (0%),9.0
GARTNER INC,Digital,City University of New York; Department for the Aging; Department of Correction; Department of Design and Construction; Department of Education; Department of Finance; Department of Information Technology and Telecommunications; Department of Probation; Department of Social Services; Department of Transportation; Department of Youth and Community Development; Law Department; NYC Taxi and Limousine Commission; Office of the Comptroller; Police Department; SCHOOL CONSTRUCTION AUTHORITY,"IT research & advisory firm - digital transformation consulting, technology strategy, cybersecurity advisory for government",32,6698022,7097063,8508079,8458533,7322814,13892082,8335748,6712783,8520111,5595870,"E707 (23%, 040 E-2366); 0391 (9%, ADMINISTRATION SUPPORT); 1400 (9%, BUREAU OF ASSET MANAGEMENT); 0201 (9%, EXECUTIVE AND ADMINISTRATIVE); 4124 (8%, TRAFFIC ENFORCEMENT CAMERA PROGRAM); 0104 (7%, MANAGEMENT INFORMATION SERVICE); 4601 (6%, MANAGEMENT INFORMATION SYSTEMS); E706 (5%, IMPLEMENTATION OF THE SEVENTH FIVE-YEAR); 0702 (5%, INFORMATION SYSTEMS); 3612 (5%, ADMIN OTPS)",ADMINISTRATIVE EXPENSES (29%); CONTRACTUAL SERVICES GENERAL (23%); PROF SERV COMPUTER SERVICES (21%); OTHR SERV AND CHRGS-GENERAL (12%); PROF SERV ENGINEER & ARCHITECT (5%); PROF SERV OTHER (4%); CAPITAL ONLY FUNDED SBITA (2%); OFF SVC-MEMBERSHIP DUES & FEES (2%); BOOKS-OTHER (1%); MAINT & REP GENERAL (1%),23.0
INFOPEOPLE CORPORATION,Digital,Administration for Children's Services; Department of Citywide Administrative Services; Department of Homeless Services; Department of Information Technology and Telecommunications; Department of Social Services; Department of Transportation; SCHOOL CONSTRUCTION AUTHORITY,"IT professional staffing for digital transformation, cloud, development projects",42,4580751,3462963,6541803,10741539,10897744,16106742,10546574,10553357,8144064,7251809,"9912 (23%, MANAGEMENT INFORMATION SYSTEMS); 9940 (17%, DHS ITS); NGEN (10%, DOITT: NEXT GENERATION 9-1-1 PROGRAM (NG); 9424 (10%, OCSS AOTPS); 6633 (8%, MANAGEMENT INFORMATION SYSTEM); 1300 (5%, NYC CYBER COMMAND); 9944 (5%, MEDICAL ASSISTANCE AOTPS); 8910 (5%, ESG-HOMELESS MANAGEMENT INFORMATION SYST); 0711 (3%, PUBLIC SAFETY IT SERVICES); E706 (3%, IMPLEMENTATION OF THE SEVENTH FIVE-YEAR)",PROF SERV COMPUTER SERVICES (84%); CAPITAL PURCHASED EQUIPMENT (12%); CONSTRUCTION-BUILDINGS (3%); CAPITAL ONLY FUNDED SBITA (1%),85.0
"UNIVERSAL TECHNOLOGIES, LLC",Digital,Department of Citywide Administrative Services; Department of Education; Department of Homeless Services; Department of Information Technology and Telecommunications; Department of Social Services; Department of Transportation; SCHOOL CONSTRUCTION AUTHORITY,"IT services: software development, systems integration, cloud architecture, cybersecurity for government",203,2995626,6310430,5246117,6645627,8962384,7957617,7160274,7854113,7467490,9332776,"NGEN (42%, DOITT: NEXT GENERATION 9-1-1 PROGRAM (NG); E707 (18%, 040 E-2366); 0711 (5%, PUBLIC SAFETY IT SERVICES); 9580 (5%, PUBLIC ENGAGEMENT AOTPS); E706 (4%, IMPLEMENTATION OF THE SEVENTH FIVE-YEAR); 806K (3%, DOT, CITY-WIDE: DESIGN, DEVELOPMENT, & I); 9912 (2%, MANAGEMENT INFORMATION SYSTEMS); 9935 (2%, PSA-AOTPS); 7719 (2%, DIIT); 8811 (2%, MYCITY PROJECT)",CAPITAL PURCHASED EQUIPMENT (49%); PROF SERV COMPUTER SERVICES (23%); ADMINISTRATIVE EXPENSES (18%); CONTRACTUAL SERVICES GENERAL (3%); CONSTRUCTION-BUILDINGS (3%); PROF SERV OTHER (2%); CAPITAL ONLY FUNDED SBITA (1%); DATA PROCESSING EQUIPMENT MAINTENANCE (0%); PROMPT PAYMENT INTEREST (0%),24.0
"Accenture Federal Services, LLC",Digital,Department of Social Services,"Major federal IT consulting firm - cloud services, digital transformation, AI, cybersecurity for government",4,25629798,33648236,16541950,17867868,10248978,13419475,5433401,22512231,6687421,5652555,"9912 (77%, MANAGEMENT INFORMATION SYSTEMS); 9944 (13%, MEDICAL ASSISTANCE AOTPS); 9619 (10%, FAIR FARES AOTPS)",DATA PROCESSING EQUIPMENT MAINTENANCE (74%); PROF SERV OTHER (26%),0.0
RANGAM CONSULTANTS INC,Digital,Administration for Children's Services; Department of Citywide Administrative Services; Department of Correction; Department of Education; Department of Homeless Services; Department of Information Technology and Telecommunications; Department of Sanitation; Department of Social Services; Department of Transportation; NYC Taxi and Limousine Commission; SCHOOL CONSTRUCTION AUTHORITY,"IT staffing, software development, AI/ML platforms, custom applications",50,848355,890804,1941547,2401667,2272090,2864478,3501120,4379518,5785744,6434404,"MSME (21%, OTI: MYCITY APPLICATION DEVELOPMENT INCL); NGEN (12%, DOITT: NEXT GENERATION 9-1-1 PROGRAM (NG); 7719 (12%, DIIT); 8811 (7%, MYCITY PROJECT); FDT1 (6%, OFFICE OF TECHNOLOGY AND INNOVATION (CIT); 1300 (6%, NYC CYBER COMMAND); 9940 (5%, DHS ITS); 1084 (5%, INFORMATION TECHNOLOGY-OTPS); E706 (4%, IMPLEMENTATION OF THE SEVENTH FIVE-YEAR); 8910 (3%, ESG-HOMELESS MANAGEMENT INFORMATION SYST)",PROF SERV COMPUTER SERVICES (45%); CAPITAL PURCHASED EQUIPMENT (45%); CONTRACTUAL SERVICES GENERAL (5%); CONSTRUCTION-BUILDINGS (4%); PROF SERV OTHER (1%); PROMPT PAYMENT INTEREST (0%),45.0
Visionaryz Inc,Digital,Department of Citywide Administrative Services; Department of Consumer & Worker Protection; Department of Design and Construction; Department of Education; Department of Information Technology and Telecommunications; Department of Sanitation; Department of Small Business Services; Housing Preservation and Development; SCHOOL CONSTRUCTION AUTHORITY,"UI/UX design, CRM implementations, cloud services, software development",20,0,0,0,0,0,0,0,1287848,5586283,6828861,"1801 (28%, INFORMATION TECHNOLOGY); NYCG (13%, OTI: UPGRADE TO NYC.GOV WEBSITE INCL SOF); 1453 (12%, HPD TECHNOLOGY SERVICES); 6451 (10%, REALTIME FIELD FORCE SYSTEM); E706 (6%, IMPLEMENTATION OF THE SEVENTH FIVE-YEAR); NGEN (4%, DOITT: NEXT GENERATION 9-1-1 PROGRAM (NG); 1451 (4%, MGT SERVICES - INFO SYSTEMS); FDT1 (4%, OFFICE OF TECHNOLOGY AND INNOVATION (CIT); 7719 (4%, DIIT); 1084 (3%, INFORMATION TECHNOLOGY-OTPS)",CONTRACTUAL SERVICES GENERAL (31%); PROF SERV OTHER (27%); CAPITAL ONLY FUNDED SBITA (13%); PROF SERV COMPUTER SERVICES (9%); CAPITAL PURCHASED EQUIPMENT (9%); CONSTRUCTION-BUILDINGS (6%); OTHR SERV AND CHRGS-GENERAL (3%); DATA PROCESSING SUPPLIES (2%); SUPPLIES + MATERIALS - GENERAL (1%),22.0
ECLARO INTERNATIONAL,Digital,Department of Information Technology and Telecommunications,"IT staffing, BPO, digital transformation consulting, global delivery",40,0,0,0,0,0,17817,2215526,2310311,5444813,291226,,,
K SYSTEMS SOLUTIONS LLC,Mixed,Business Integrity Commission; Department of Citywide Administrative Services; Department of Cultural Affairs; Department of Education; Department of Emergency Management; Department of Environmental Protection; Department of Finance; Department of Health and Mental Hygiene; Department of Homeless Services; Department of Information Technology and Telecommunications; Department of Parks and Recreation; Department of Probation; Department of Sanitation; Department of Social Services; Department of Transportation; Department of Youth and Community Development; Financial Information Services Agency; Office of the Comptroller,"Apple Authorized Gov Contractor (hardware reseller) + IT staffing, cybersecurity consulting, systems engineering",50,0,0,59990,19998,260305,239124,1177118,3085819,5416908,6174411,"3131 (16%, APPLICATIONS); 3601 (12%, WIRELESS - NYCWIN); NGEN (11%, DOITT: NEXT GENERATION 9-1-1 PROGRAM (NG); 806K (5%, DOT, CITY-WIDE: DESIGN, DEVELOPMENT, & I); 0711 (5%, PUBLIC SAFETY IT SERVICES); 1084 (5%, INFORMATION TECHNOLOGY-OTPS); 1054 (3%, MANAGEMENT INFORMATION SERVICE); 4171 (3%, MANAGEMENT INFORMATION SYSTEMS); 0702 (3%, INFORMATION SYSTEMS); 1150 (3%, INFORMATION TECHNOLOGY)",DATA PROCESSING EQUIPMENT MAINTENANCE (36%); CAPITAL PURCHASED EQUIPMENT (19%); DATA PROCESSING SUPPLIES (16%); PROF SERV OTHER (15%); PROF SERV COMPUTER SERVICES (3%); OTHR SERV AND CHRGS-GENERAL (3%); PURCH DATA PROCESSING EQUIPT (2%); CAPITAL ONLY FUNDED SBITA (1%); CONTRACTUAL SERVICES GENERAL (1%); TELECOMMUNICATIONS EQUIPMENT (1%),4.0
ARMEDIA LLC,Digital,Department of Sanitation; Department of Social Services; Department of Transportation; NYC Taxi and Limousine Commission,"Custom document/case management solutions (ArkCase platform), digital transformation, content management",13,0,0,523420,931106,739067,2265765,1754279,439695,5085027,2014285,"7900 (51%, EXPENSE FOR CAPITAL PROJECTS BRIDGES); 806M (45%, DOT, CITY-WIDE: CONTRACT MANAGEMENT SYST); 9912 (2%, MANAGEMENT INFORMATION SYSTEMS); 1084 (1%, INFORMATION TECHNOLOGY-OTPS); 0201 (0%, EXECUTIVE AND ADMINISTRATIVE)",CAPITAL PURCHASED EQUIPMENT (45%); PROF SERV COMPUTER SERVICES (43%); DATA PROCESSING SUPPLIES (9%); DATA PROCESSING EQUIPMENT MAINTENANCE (2%); CONTRACTUAL SERVICES GENERAL (1%),43.0
DERIVE TECHNOLOGIES LLC,Digital,Administration for Children's Services; Board of Elections; Borough President - Manhattan; City Council; City University of New York; Civilian Complaint Review Board; Department of City Planning; Department of Citywide Administrative Services; Department of Correction; Department of Emergency Management; Department of Environmental Protection; Department of Health and Mental Hygiene; Department of Information Technology and Telecommunications; Department of Parks and Recreation; Department of Probation; Department of Sanitation; Department of Small Business Services; Department of Social Services; Department of Transportation; Department of Veterans' Services; Office of Payroll Administration; Office of the Comptroller; Police Department; SCHOOL CONSTRUCTION AUTHORITY,"MBE certified IT support, data center management, government cybersecurity and healthcare IT",153,1907770,3407584,3657390,6763162,6168790,2812696,2539861,3661497,4393303,1488253,"0201 (40%, DEPARTMENTAL OPERATIONS); E706 (17%, IMPLEMENTATION OF THE SEVENTH FIVE-YEAR); 7823 (5%, CENTRAL PROGRAMS); 8100 (3%, CITYWIDE SUPPORT); 0702 (2%, INFORMATION SYSTEMS); 1602 (2%, R I TELECOMMUNICATIONS); E707 (2%, 040 E-2366); 4601 (2%, MANAGEMENT INFORMATION SYSTEMS); 9912 (2%, MANAGEMENT INFORMATION SYSTEMS); 0406 (1%, OPERATIONS/CONTRACTS)",DATA PROCESSING SUPPLIES (52%); ADMINISTRATIVE EXPENSES (11%); CONSTRUCTION-BUILDINGS (8%); PURCH DATA PROCESSING EQUIPT (6%); SUPPLIES + MATERIALS - GENERAL (4%); DATA PROCESSING EQUIPMENT MAINTENANCE (4%); PRINTING CONTRACTS (2%); EQUIPMENT GENERAL (2%); PROF SERV OTHER (2%); CONTRACTUAL SERVICES GENERAL (2%),0.0
ARTECH INFORMATION SYSTEMS LLC,Digital,Department of Information Technology and Telecommunications,"IT staffing with government services division (ArtechGov), security-cleared staffing for federal government",139,0,0,48474,12150,11750,1399446,3749191,6385050,3833022,265646,,,
COGENT Infotech Corporation,Digital,Department of Citywide Administrative Services; Department of Social Services,"IT staffing and consulting firm (est. 2003). Works with 65+ Fortune 500 companies, 70+ government agencies. Digital transformation, cloud, cybersecurity.",2,0,38116,99076,12642,0,0,14345,14053,3815856,8782885,"9911 (52%, DSS AGENCYWIDE AOTPS); 9912 (17%, MANAGEMENT INFORMATION SYSTEMS); 9424 (11%, OCSS AOTPS); M101 (5%, SPECIAL POPULATION AOTPS); CR27 (3%, ARPA ACL - APS GRANT #3); NGEN (3%, DOITT: NEXT GENERATION 9-1-1 PROGRAM (NG); 9933 (2%, PA AOTPS); 9920 (1%, CEO - EVALUATION); 9935 (1%, PSA-AOTPS); 9904 (1%, HHS-CONNECT OTPS)",PROF SERV OTHER (97%); CAPITAL PURCHASED EQUIPMENT (3%),0.0
UNIQUE COMP INC,Digital,Administration for Children's Services; City University of New York; Department of Citywide Administrative Services; Department of Education; Department of Health and Mental Hygiene; Department of Information Technology and Telecommunications,"Minority/woman-owned IT solutions, custom software development, system integration",29,172250,35725,57893,1039852,3952374,8142615,6860912,6164497,3802478,4939729,"7719 (31%, DIIT); 6633 (17%, MANAGEMENT INFORMATION SYSTEM); NGEN (15%, DOITT: NEXT GENERATION 9-1-1 PROGRAM (NG); MSME (8%, OTI: MYCITY APPLICATION DEVELOPMENT INCL); 0711 (5%, PUBLIC SAFETY IT SERVICES); 2620 (4%, DYFJ RAISE THE AGE); 4130 (4%, HEALTHY HOMES PROGRAM); 3131 (3%, APPLICATIONS); Z902 (3%, PROGRAM SUPPORT); 8488 (3%, NYC CHILDHOOD LEAD POISONING PREVENT)",PROF SERV COMPUTER SERVICES (56%); CAPITAL PURCHASED EQUIPMENT (23%); CONTRACTUAL SERVICES GENERAL (15%); DATA PROCESSING EQUIPMENT MAINTENANCE (4%); TEMPORARY SERVICES (2%),56.0
PEER CONSULTING RESOURCES INC,Digital,Department of Citywide Administrative Services; Department of Education; Department of Health and Mental Hygiene; Department of Homeless Services; Department of Information Technology and Telecommunications; Department of Small Business Services; Department of Social Services; Housing Preservation and Development; NYC Taxi and Limousine Commission; Office of Administrative Trials and Hearings,"Women/minority-owned IT consulting, digital transformation, custom application development, quality assurance",26,17400,0,0,21994,186749,464391,770462,1861534,3578006,4258782,"MSME (15%, OTI: MYCITY APPLICATION DEVELOPMENT INCL); NGEN (14%, DOITT: NEXT GENERATION 9-1-1 PROGRAM (NG); 1330 (12%, SMALL BUSINESS PORTAL - IT/TECH); 7413 (8%, FINANCIAL SYSTEMS AND BUSINESS OPS); CONC (6%, TLC CONNECT UPGRADE, PROFESSIONAL SERVIC); 1290 (6%, DCAS IT); 0201 (6%, EXECUTIVE AND ADMINISTRATIVE); 7701 (5%, DIVISION OF FINANCE OPERATIONS); 4648 (5%, GE CENTRAL MANAGED SCH SUPP); 7719 (4%, DIIT)",PROF SERV COMPUTER SERVICES (51%); CAPITAL PURCHASED EQUIPMENT (31%); CONTRACTUAL SERVICES GENERAL (8%); SPLIT FUNDED SBITA (6%); PROF SERV OTHER (3%); DATA PROCESSING EQUIPMENT MAINTENANCE (1%); DATA PROCESSING SUPPLIES (0%); PROMPT PAYMENT INTEREST (0%),51.0
KYNDRYL INC,Digital,Department of Information Technology and Telecommunications; Financial Information Services Agency,"IT infrastructure services (IBM spin-off 2021), cloud, digital transformation, network services",2,0,0,0,0,0,0,214760,2975427,3417276,3269994,"3200 (90%, IU - MAINFRAME); 0101 (10%, INTERNAL AUDIT)",PROF SERV COMPUTER SERVICES (96%); CONTRACTUAL SERVICES GENERAL (4%),96.0
ABRAHAMS CONSULTING LLC,Digital,Administration for Children's Services; Department of Correction; Department of Design and Construction; Department of Education; Department of Environmental Protection; Department of Finance; Department of Information Technology and Telecommunications; Department of Sanitation; Department of Transportation; Law Department; NYC Taxi and Limousine Commission; Office of the Comptroller; Police Department,"8a certified EDWOSB, IT solutions: storage, networking, security for government",37,734252,922060,854199,1608628,2423132,1106252,1495995,1125480,3173187,2807235,"3131 (52%, APPLICATIONS); 1601 (13%, MANAGEMENT INFO SVCS); 1200 (8%, DEPUTY COMM ADMIN); 3310 (6%, INFRASTRUCTURE TECH ARCHITECTURE); 6633 (3%, MANAGEMENT INFORMATION SYSTEM); 2753 (3%, FFY21 URBAN AREA SECURITY INITIATIVE); 7390 (2%, BUR BUD & CONTRACT MNGMT); 0201 (2%, EXECUTIVE AND ADMINISTRATIVE); NWPR (2%, DOC; PURCHASE 100 NETWORKED WI-FI ACCESS); 1409 (2%, INFORMATION SECURITY)",PROF SERV COMPUTER SERVICES (65%); MAINT & REP GENERAL (13%); PROF SERV OTHER (9%); DATA PROCESSING SUPPLIES (7%); CAPITAL PURCHASED EQUIPMENT (3%); DATA PROCESSING EQUIPMENT MAINTENANCE (1%); CONTRACTUAL SERVICES GENERAL (1%); SUPPLIES + MATERIALS - GENERAL (0%); PROMPT PAYMENT INTEREST (0%); EQUIPMENT GENERAL (0%),65.0
POWERSCHOOL GROUP LLC,Digital,City University of New York; Department of Education; Department of Information Technology and Telecommunications,"K-12 education software platform: student information systems, LMS, school management",307,500,903369,1174533,2208719,2329371,3526852,3825819,2943670,3025719,2246440,"8204 (45%, SESIS - I/C); 8843 (28%, REIMBURSEABLE SUPPORT-GE INST ELE/MID/HS); 4601 (14%, GE INSTRUCTION & SCHOOL SUPERVISION - HS); 4615 (5%, NYSTL - HIGH SCHOOL); 4301 (2%, GE INST & SCHOOL SUPERVISION ELE/MIDDLE); 2304 (1%, NYSTL-CHARTER SCHOOLS); 4605 (1%, INSTRUCTIONAL SUPPORT SERVICES - HS); 8489 (1%, GE REIMBURSABLE SUPPORT); 4305 (1%, INSTRUCTIONAL SUPPORT SERV - ELEM / MID); 7000 (1%, HUNTER CAMPUS SCHOOLS)",DATA PROCESSING SUPPLIES (45%); DATA PROCESSING EQUIPMENT MAINTENANCE (42%); OTHR SERV AND CHRGS-GENERAL (6%); SUPPLIES + MATERIALS - GENERAL (2%); CONTRACTUAL SERVICES GENERAL (2%); TELEPHONE & OTHER COMMUNICATNS (1%); TELECOMMUNICATIONS MAINT (1%); PROF SERV OTHER (0%); PROF SERV CURRIC & PROF DEVEL (0%); PROF SERV DIRECT EDUC SERV (0%),0.0
PORTLAND WILLIAMS LLC,Digital,Department of Buildings; Department of Citywide Administrative Services; Department of Environmental Protection; Department of Information Technology and Telecommunications; Department of Sanitation; Department of Transportation; Health and Hospitals Corporation,"Engineering and IT services for government agencies, construction and IT consulting",33,0,0,0,0,0,0,344473,1928489,2930740,5703920,"U123 (48%, DEP; UPSTATE WASTEWATER TREATMENT PLANTS); 616C (9%, CAP TO EXP BWT SPARE PARTS); WTQU (9%, DEP, KINGSTON LABS (UPSTATE), LEFRAK LAB); 1300 (6%, NYC CYBER COMMAND); 1084 (5%, INFORMATION TECHNOLOGY-OTPS); 0284 (4%, W S WASTE WATER COLLECTION); M001 (4%, ASLYUM SUPPORT); 0457 (2%, BWT REGULATORY COMPLIANCE); 0711 (2%, PUBLIC SAFETY IT SERVICES); 0415 (2%, BWT EQUIPMENT)","CAPITAL PURCHASED EQUIPMENT (57%); EQUIPMENT GENERAL (15%); OTHR SERV AND CHRGS-GENERAL (9%); PURCH DATA PROCESSING EQUIPT (7%); DATA PROCESSING EQUIPMENT MAINTENANCE (6%); MEDICAL,SURGICAL & LAB EQUIP (2%); MAINT & REP MOTOR VEH EQUIP (2%); SUPPLIES + MATERIALS - GENERAL (2%); PRINTING SUPPLIES (1%); OFFICE EQUIPMENT MAINTENANCE (0%)",0.0
OPTINET COMMUNICATIONS INC,Digital,Department of Education; Department of Environmental Protection; Department of Information Technology and Telecommunications; Department of Transportation; Fire Department,"Minority-owned IT consulting for public safety and local government, Metro Area Infrastructure design/deployment/security",11,0,0,0,0,0,0,0,398905,2782799,3978801,"3310 (46%, INFRASTRUCTURE TECH ARCHITECTURE); 1054 (13%, MANAGEMENT INFORMATION SERVICE); 7719 (8%, DIIT); FWLL (8%, OTI FIREWALL UPGRADE IT EQUIPMENT SYSTEM); 3320 (7%, IT SERVICES - NETWORK ARCHITECTURE); CDIB (7%, OTI: CLOUD INTERCONNECT UPGRADE: SITE SP); FDT1 (7%, OFFICE OF TECHNOLOGY AND INNOVATION (CIT); 4181 (0%, TRAFFIC INTELLIGENCE DIVISION)",PROF SERV COMPUTER SERVICES (61%); CAPITAL PURCHASED EQUIPMENT (22%); DATA PROCESSING EQUIPMENT MAINTENANCE (13%); PROF SERV OTHER (1%),61.0
ISLAND COMPUTER PRODUCTS INC,Mixed,City University of New York; Department of City Planning; Department of Education; Department of Information Technology and Telecommunications; Department of Social Services; Police Department; SCHOOL CONSTRUCTION AUTHORITY,"WBE certified IT products + services: server consolidation, systems monitoring, software distribution. Related entry: ISLAND COMPUTER PRODUCTS INC ICP INC (Primary)",132,0,0,0,0,0,0,0,0,2782091,1701605,"03DT (25%, CITY COUNCIL FUNDING FOR DOE PUBLIC SCHO); 0711 (21%, PUBLIC SAFETY IT SERVICES); 6800 (9%, HOSTOS COMMUNITY COLLEGE); 6347 (7%, EOC- BRONX COMMUNITY COLLEGE); 6300 (7%, BRONX COMMUNITY COLLEGE); 03XT (6%, RESO A BRONX BOROUGH PRESIDENT FUNDUNG F); 3350 (5%, IT OPERATION); 7719 (5%, DIIT); 03MT (5%, RESO A MANHATTAN BOROUGH PRESIDENT FUNDI); 03KT (3%, RESO A BROOKLYN BOROUGH PRESIDENT FUNDIN)",CONSTRUCTION-BUILDINGS (42%); CONTRACTUAL SERVICES GENERAL (21%); PURCH DATA PROCESSING EQUIPT (21%); PROF SERV COMPUTER SERVICES (11%); OFFICE EQUIPMENT (3%); TELECOMMUNICATIONS MAINT (1%); DATA PROCESSING EQUIPMENT MAINTENANCE (1%); DATA PROCESSING SUPPLIES (1%); OTHR SERV AND CHRGS-GENERAL (0%); SUPPLIES + MATERIALS - GENERAL (0%),11.0
ITEGIX LLC,Mixed,Campaign Finance Board; Department for the Aging; Department of Buildings; Department of City Planning; Department of Citywide Administrative Services; Department of Consumer & Worker Protection; Department of Cultural Affairs; Department of Design and Construction; Department of Environmental Protection; Department of Finance; Department of Health and Mental Hygiene; Department of Homeless Services; Department of Information Technology and Telecommunications; Department of Sanitation; Department of Social Services; Department of Transportation; Department of Veterans' Services; Financial Information Services Agency; Mayoralty; NYC Taxi and Limousine Commission; Office of Payroll Administration; Office of the Comptroller; Police Department,IT value-added reseller (VAR) - hardware + technology products and services,198,0,0,649652,1128476,1718971,1302134,2227803,2497167,2434976,2386456,"1084 (18%, INFORMATION TECHNOLOGY-OTPS); 4601 (7%, MANAGEMENT INFORMATION SYSTEMS); 9912 (5%, MANAGEMENT INFORMATION SYSTEMS); 3314 (4%, IU - FAMILY JUSTICE CENTER IC); 3001 (4%, SCHOOL SAFETY DIVISION); 9911 (4%, DSS AGENCYWIDE AOTPS); 9116 (4%, LICENSE PLATE READER); 0101 (4%, INTERNAL AUDIT); 2201 (4%, TECHNICAL ASSISTANCE RESPONSE UNIT); 5200 (3%, TELECOM SERVICES - I/C)","DATA PROCESSING SUPPLIES (27%); PURCH DATA PROCESSING EQUIPT (22%); EQUIPMENT GENERAL (16%); DATA PROCESSING EQUIPMENT MAINTENANCE (11%); SUPPLIES + MATERIALS - GENERAL (11%); PRINTING SUPPLIES (3%); TRAINING PRGM CITY EMPLOYEES (3%); OTHR SERV AND CHRGS-GENERAL (2%); MEDICAL,SURGICAL & LAB SUPPLY (2%); MAINTENANCE SUPPLIES (1%)",0.0
DONNELLY & MOORE CORPORATION,Digital,Department of Citywide Administrative Services; Department of Finance; Department of Information Technology and Telecommunications; SCHOOL CONSTRUCTION AUTHORITY,"MWBE/EDWOSB/GSA 8(a) STARS II certified, IT and cybersecurity staffing for government/enterprise",77,0,0,0,0,626562,1401491,1591059,1920139,2429548,2907652,"E707 (39%, 040 E-2366); 0711 (10%, PUBLIC SAFETY IT SERVICES); 0104 (10%, MANAGEMENT INFORMATION SERVICE); PAM2 (9%, OTI PRIVILEGED ACCESS MGMT (PAM) PHASE 2); NGEN (8%, DOITT: NEXT GENERATION 9-1-1 PROGRAM (NG); E706 (8%, IMPLEMENTATION OF THE SEVENTH FIVE-YEAR); 1300 (7%, NYC CYBER COMMAND); 8811 (6%, MYCITY PROJECT); MSME (4%, OTI: MYCITY APPLICATION DEVELOPMENT INCL)",ADMINISTRATIVE EXPENSES (46%); PROF SERV COMPUTER SERVICES (33%); CAPITAL PURCHASED EQUIPMENT (11%); CAPITAL ONLY FUNDED SBITA (9%); PROF SERV OTHER (0%),42.0
Mola Group Corp,Mixed,Administration for Children's Services; Department of Citywide Administrative Services; Department of Correction; Department of Design and Construction; Department of Education; Department of Environmental Protection; Department of Health and Mental Hygiene; Department of Information Technology and Telecommunications; Department of Sanitation; Department of Social Services; Financial Information Services Agency; Fire Department; Housing Preservation and Development; Mayoralty; Office of the Comptroller; Police Department,"Minority/DBE certified IT solutions: cloud computing, information security",29,0,0,150782,503828,974902,1452580,1361666,2359548,2257616,11308246,"LRSU (27%, OTI PUBLIC SAFETY LOGGING AND RECORDING); DLAN (14%, FISA-OPA SHARED SYSTEMS DATA CENTER LAN); 0711 (10%, PUBLIC SAFETY IT SERVICES); 9912 (6%, MANAGEMENT INFORMATION SYSTEMS); 4601 (4%, MANAGEMENT INFORMATION SYSTEMS); 3350 (4%, IT OPERATION); 1602 (3%, R I TELECOMMUNICATIONS); WRKS (3%, OMB: COMPUTER IT EQUIPMENT SYSTEM UPGRAD); 6633 (3%, MANAGEMENT INFORMATION SYSTEM); CYBE (3%, HRA; PROCURE HARDWARE, SOFTWARE & PROFES)",CAPITAL PURCHASED EQUIPMENT (49%); DATA PROCESSING EQUIPMENT MAINTENANCE (31%); DATA PROCESSING SUPPLIES (5%); PURCH DATA PROCESSING EQUIPT (5%); PROF SERV COMPUTER SERVICES (5%); OTHR SERV AND CHRGS-GENERAL (3%); OFFICE EQUIPMENT MAINTENANCE (1%); CONTRACTUAL SERVICES GENERAL (1%); MAINT & REP GENERAL (0%); EQUIPMENT GENERAL (0%),5.0
MOBILITY CAPITAL FINANCE INC,Digital,Department of Information Technology and Telecommunications; Housing Preservation and Development,"Fintech company - digital banking platform, mobile banking app for government cash assistance programs (MoCaFi)",4,0,0,0,0,0,0,0,965000,2072270,2534134,"M013 (88%, MOCAFI); 8811 (12%, MYCITY PROJECT)",CONTRACTUAL SERVICES GENERAL (88%); OTHR SERV AND CHRGS-GENERAL (12%),0.0
EXPEDIENT STAFFING SOLUTIONS,Digital,Department of Health and Mental Hygiene,"Founded 2002, WBE/EDWOSB certified staffing company, workforce solutions for Contact Centers, Technology, and Finance",5,0,0,0,0,7500,11353727,10908851,9048677,2035175,15000,"1150 (100%, INFORMATION TECHNOLOGY)",CONTRACTUAL SERVICES GENERAL (100%),0.0
RAJ SOMAS,Mixed,Department of City Planning; Department of Citywide Administrative Services; Department of Education; Department of Finance; Department of Health and Mental Hygiene; Department of Homeless Services; Department of Information Technology and Telecommunications; Department of Social Services; Department of Transportation; Financial Information Services Agency; Fire Department; Mayoralty; Office of Payroll Administration; Police Department,"SAP and Kissflow consulting, software licensing reseller. NY State MWBE contractor.",23,0,0,0,300541,616180,686514,953615,974945,1979943,5906161,"MYBP (17%, OTI: MYCITY BUSINESS PORTAL WEBSITE DEVE); PASG (14%, FISA-OPA: IT EQUIPMENT SYSTEM UPGRADE OF); 3310 (13%, INFRASTRUCTURE TECH ARCHITECTURE); 3350 (8%, IT OPERATION); 0101 (8%, INTERNAL AUDIT); 4120 (5%, SIGNAL MAINTENANCE); 5000 (5%, CITYTIME); 4222 (5%, FFY 2022 STATE HOMELAND SECURITY GRANT); 2000 (4%, NYCAPS); 9912 (3%, MANAGEMENT INFORMATION SYSTEMS)",DATA PROCESSING EQUIPMENT MAINTENANCE (49%); CAPITAL ONLY FUNDED SBITA (31%); EQUIPMENT GENERAL (8%); DATA PROCESSING SUPPLIES (3%); BOOKS-OTHER (3%); OTHR SERV AND CHRGS-GENERAL (1%); PURCH DATA PROCESSING EQUIPT (1%); MAINTENANCE SUPPLIES (0%); PROF SERV CURRIC & PROF DEVEL (0%); TRAINING PRGM CITY EMPLOYEES (0%),31.0
TEK SYSTEMS INC,Digital,Department of Citywide Administrative Services; Health and Hospitals Corporation,"Major IT staffing company (part of Allegis Group), deploys 70,000+ technical professionals annually",13,12066114,15781977,18937079,41453048,43910022,5155384,3466030,3428460,1831870,349847,"JA07 (51%, HHC: UPGRADE INTEGRATED CLINICAL INFORMA); W4UP (40%, NYCAPS & PAYROLL MANAGEMENT SYSTEM (PMS)); JG32 (6%, HHC: SYSTEMWIDE: NETWORK IT UPGRADE: IMP); NGEN (4%, DOITT: NEXT GENERATION 9-1-1 PROGRAM (NG)",CAPITAL PURCHASED EQUIPMENT (100%),0.0
BLENDERBOX INC,Digital,Department of Education; Department of Environmental Protection; Department of Small Business Services; Office of Administrative Trials and Hearings,"Woman-owned digital agency (founded 2000), WOSB certified, human-centered design for government systems",11,48738,27586,1944722,1910088,1219315,3193617,1635503,2594353,1789455,705924,"7272 (54%, OFFICE OF STATE PORTFOLIO AND POLICY); 7105 (21%, DIVISION OF COMMUNITY ENGAGEMENT); L481 (11%, ARPA FOR LEARNING LOSS); 7205 (6%, OFFICE OF PUBLIC AFFAIRS); 1117 (4%, SUPPORT FOR WOMEN ENTREPRENEURS); 2003 (3%, CRIMINAL JUSTICE REFORM); 7265 (1%, OFFICE OF LEGAL SERVICES); 2325 (0%, HOME SOLAR ACCELERATOR)",PROF SERV OTHER (79%); PROF SERV COMPUTER SERVICES (14%); DATA PROCESSING SERVICES (4%); CONTRACTUAL SERVICES GENERAL (3%),14.0
"MAUREEN DATA SYSTEMS, INC.",Digital,Borough President - Manhattan; City Council; City University of New York; Department of Buildings; Department of City Planning; Department of Citywide Administrative Services; Department of Design and Construction; Department of Environmental Protection; Department of Finance; Department of Health and Mental Hygiene; Department of Homeless Services; Department of Information Technology and Telecommunications; Department of Parks and Recreation; Department of Sanitation; Department of Social Services; Department of Transportation; Financial Information Services Agency; Law Department; Mayoralty,"WBE certified IT services with GSA and NYS OGS contracts, cloud infrastructure, security, data analytics, managed services",61,2155080,1642431,1359229,1398148,2648865,3512535,1722154,3097104,1673777,1932243,"IS24 (19%, DCAS: PURCHASE DESKTOP COMPUTERS IT EQUI); 2001 (14%, OTPS CENTRAL STAFF); 6615 (13%, BMCC TECHNOLOGY FEES); 1300 (13%, NYC CYBER COMMAND); 0101 (5%, INTERNAL AUDIT); 6823 (4%, INFORMATION TECHNOLOGY); 6610 (3%, ADULT CONTINUING EDUCATION SR); 4170 (2%, MANAGEMENT INFORMATION SYSTEMS); 1084 (2%, INFORMATION TECHNOLOGY-OTPS); 4125 (2%, STREET LIGHTING)",PURCH DATA PROCESSING EQUIPT (27%); CAPITAL PURCHASED EQUIPMENT (19%); PROF SERV OTHER (13%); DATA PROCESSING EQUIPMENT MAINTENANCE (13%); DATA PROCESSING SUPPLIES (8%); OTHR SERV AND CHRGS-GENERAL (8%); EXPENSE ONLY FUNDED SBITA (5%); PROF SERV COMPUTER SERVICES (1%); MAINT & REP GENERAL (1%); SPLIT FUNDED SBITA (1%),6.0
CNC CONSULTING INC,Digital,Administration for Children's Services; Department of Education; Department of Information Technology and Telecommunications; Department of Social Services; SCHOOL CONSTRUCTION AUTHORITY,"Founded 1995, IT staff augmentation and consulting, specializes in State and Federal government IT solutions",10,706638,591063,418889,713413,345102,498183,1013133,1049802,1603374,1625744,"1300 (32%, NYC CYBER COMMAND); E706 (20%, IMPLEMENTATION OF THE SEVENTH FIVE-YEAR); 3800 (18%, IT SECURITY); 7719 (9%, DIIT); 9940 (6%, DHS ITS); 9912 (6%, MANAGEMENT INFORMATION SYSTEMS); 9580 (4%, PUBLIC ENGAGEMENT AOTPS); 6633 (4%, MANAGEMENT INFORMATION SYSTEM)",PROF SERV COMPUTER SERVICES (80%); CONSTRUCTION-BUILDINGS (20%),80.0
KAMBRIAN CORPORATION,Mixed,Administration for Children's Services; Department of Citywide Administrative Services; Department of Correction; Department of Environmental Protection; Department of Finance; Department of Health and Mental Hygiene; Department of Information Technology and Telecommunications; Department of Parks and Recreation; Office of the Comptroller; Police Department,"WOSB IT MSP and VAR (hardware/software reseller + services), GSA MAS 8a Pool and GSA 8a STARS3 contracts",20,0,0,0,0,30794,166999,688620,884352,1556897,1942882,"1409 (54%, INFORMATION SECURITY); 1054 (20%, MANAGEMENT INFORMATION SERVICE); 8811 (10%, MYCITY PROJECT); 1150 (4%, INFORMATION TECHNOLOGY); 4130 (3%, HEALTHY HOMES PROGRAM); 0702 (2%, INFORMATION SYSTEMS); 6633 (2%, MANAGEMENT INFORMATION SYSTEM); 1015 (1%, GOV EDUCATIONAL ACCESS GRANT); 1602 (1%, R I TELECOMMUNICATIONS); 6823 (1%, INFORMATION TECHNOLOGY)",OTHR SERV AND CHRGS-GENERAL (54%); DATA PROCESSING EQUIPMENT MAINTENANCE (22%); PROF SERV COMPUTER SERVICES (10%); DATA PROCESSING SUPPLIES (9%); PURCH DATA PROCESSING EQUIPT (1%); CONTRACTUAL SERVICES GENERAL (1%); EXPENSE ONLY FUNDED SBITA (1%); EQUIPMENT GENERAL (1%); SUPPLIES + MATERIALS - GENERAL (0%),11.0
AVENUES INTERNATIONAL INC,Digital,Administration for Children's Services; Campaign Finance Board; Department of City Planning; Department of Citywide Administrative Services; Department of Environmental Protection; Department of Health and Mental Hygiene; Department of Information Technology and Telecommunications; Department of Social Services; Department of Transportation; Housing Preservation and Development,"MBE certified IT staffing & consulting firm since 1994, Prime contractor under NY State HBITS contract",25,0,0,0,533395,571929,1362292,1225200,823220,1118990,1376143,"6121 (27%, INFORMATION TECHNOLOGY); 1015 (17%, GOV EDUCATIONAL ACCESS GRANT); 4300 (13%, SAFETY ENGINEERING); 1003 (8%, PUBLIC AFFAIRS); 6143 (6%, TOXICOLOGY); 1054 (5%, MANAGEMENT INFORMATION SERVICE); 8955 (5%, IN REM PROGRAM); 6182 (3%, JAG LOCAL GRANT); 1150 (3%, INFORMATION TECHNOLOGY); 4148 (2%, INTERSECTION CONTROL UNIT)",MAINT & REP GENERAL (27%); TELECOMMUNICATIONS EQUIPMENT (17%); CONTRACTUAL SERVICES GENERAL (10%); PROF SERV COMPUTER SERVICES (10%); DATA PROCESSING EQUIPMENT MAINTENANCE (9%); OTHR SERV AND CHRGS-GENERAL (8%); BOOKS-OTHER (5%); PROF SERV OTHER (5%); DATA PROCESSING SUPPLIES (4%); POSTAGE (1%),10.0
NYC IT INC,Mixed,Administration for Children's Services; Department of Environmental Protection; Department of Information Technology and Telecommunications; Mayoralty,IT hardware/software procurement + IT staffing services,14,0,155340,312307,325558,254711,300659,306506,552069,921379,1113054,"6633 (57%, MANAGEMENT INFORMATION SYSTEM); MSME (31%, OTI: MYCITY APPLICATION DEVELOPMENT INCL); 8811 (9%, MYCITY PROJECT); 8100 (1%, CITYWIDE SUPPORT); 3334 (1%, GREEN INFRASTRUCTURE); 0239 (1%, BWS BIT FUNDING); 3814 (0%, OFF OF OPERATIONS); 0525 (0%, UNIVERSAL METERING OTPS)",PROF SERV COMPUTER SERVICES (63%); CAPITAL PURCHASED EQUIPMENT (31%); PROF SERV OTHER (3%); DATA PROCESSING EQUIPMENT MAINTENANCE (1%); SUPPLIES + MATERIALS - GENERAL (1%); PURCH DATA PROCESSING EQUIPT (0%); DATA PROCESSING SUPPLIES (0%); OFFICE EQUIPMENT (0%),63.0
UNIVERSAL MANAGEMENT TECHNOLOGY SOLUTIONS INC,Digital,Department of Information Technology and Telecommunications,"IT consulting, cloud migration, software asset management, strategic sourcing for government",1,0,0,0,0,1013320,907578,950796,235298,877590,0,,,
"COMPCITI BUSINESS SOLUTIONS, INC.",Digital,City University of New York; Department of Design and Construction; Department of Health and Mental Hygiene; Department of Information Technology and Telecommunications; Financial Information Services Agency; Housing Preservation and Development; Office of Payroll Administration,"Managed IT services for NYC government, cybersecurity, compliance, networking",25,80643,427400,162234,324611,304245,557339,792200,667872,857493,981222,"3601 (25%, WIRELESS - NYCWIN); 3131 (18%, APPLICATIONS); 7624 (9%, SEC 8 PROFESSIONAL MEMBERSHIP); 1101 (8%, 311 - CITY); 0711 (7%, PUBLIC SAFETY IT SERVICES); 0101 (5%, INTERNAL AUDIT); 1300 (5%, NYC CYBER COMMAND); 1000 (4%, EXECUTIVE MANAGEMENT); 3200 (4%, IU - MAINFRAME); 2000 (3%, NYCAPS)",DATA PROCESSING EQUIPMENT MAINTENANCE (61%); OTHR SERV AND CHRGS-GENERAL (11%); CONTRACTUAL SERVICES GENERAL (9%); PURCH DATA PROCESSING EQUIPT (7%); TELECOMMUNICATIONS EQUIPMENT (6%); DATA PROCESSING SUPPLIES (3%); EXPENSE ONLY FUNDED SBITA (2%); EQUIPMENT GENERAL (1%); OFFICE FURNITURE (0%); SUPPLIES + MATERIALS - GENERAL (0%),2.0
ZAASS LLC,Digital,Department of Citywide Administrative Services; Department of Information Technology and Telecommunications; Department of Sanitation,"IT staffing, Salesforce consulting, application development, cloud services, M/WBE certified",6,0,0,0,0,19900,0,116000,226958,802965,1339434,"MSME (33%, OTI: MYCITY APPLICATION DEVELOPMENT INCL); NGEN (24%, DOITT: NEXT GENERATION 9-1-1 PROGRAM (NG); 1084 (22%, INFORMATION TECHNOLOGY-OTPS); 3131 (16%, APPLICATIONS); 8811 (6%, MYCITY PROJECT)",CAPITAL PURCHASED EQUIPMENT (56%); PROF SERV COMPUTER SERVICES (35%); CONTRACTUAL SERVICES GENERAL (8%); PROF SERV OTHER (0%),35.0
CPI USA Inc,Digital,Campaign Finance Board; Department of Citywide Administrative Services; Department of Design and Construction; Department of Environmental Protection; Department of Health and Mental Hygiene; Department of Information Technology and Telecommunications; Department of Social Services; Independent Budget Office,"IT managed services, consulting, staff augmentation, cybersecurity, Microsoft Cloud",16,0,121619,311102,248840,561890,876412,538292,579022,786945,722313,"1300 (44%, NYC CYBER COMMAND); MSME (22%, OTI: MYCITY APPLICATION DEVELOPMENT INCL); 3131 (6%, APPLICATIONS); 1004 (5%, TECHNOLOGY); 2000 (3%, OTHER THAN PERSONAL SERVICE); 0232 (3%, BWS RESERVOIR OPERATIONS); 0259 (3%, BWS WATER TREATMENT OPS); 1150 (3%, INFORMATION TECHNOLOGY); 4918 (2%, DAYCARE INSPECTION); 3850 (2%, CHIEF TECHNOLOGY OFFICER)",PROF SERV COMPUTER SERVICES (46%); CAPITAL PURCHASED EQUIPMENT (22%); PURCH DATA PROCESSING EQUIPT (14%); PROF SERV OTHER (9%); DATA PROCESSING SUPPLIES (4%); EQUIPMENT GENERAL (3%); OTHR SERV AND CHRGS-GENERAL (2%); TELECOMMUNICATIONS EQUIPMENT (0%),46.0
COMPUTER CORP OF AMERICA,Digital,Department of Information Technology and Telecommunications,"Database software and IT services, likely Data Computer Corp of America (DCCA) - government IT contractor",1,546096,562129,579353,596734,657835,718903,718903,754848,754848,0,,,
Collabera Inc,Digital,Department of Information Technology and Telecommunications,"IT staffing and digital talent solutions, minority-owned, SAM registered government contractor",11,0,0,0,0,0,1014798,2446513,2976854,731008,0,,,
INVISION SOURCE LLC,Digital,Department of Health and Mental Hygiene; Department of Information Technology and Telecommunications,"MWBE IT consulting: AI strategy, cloud, cybersecurity, Fractional CTO, IT staffing, vendor-agnostic",1,0,0,0,0,0,0,0,6230,661500,225938,"0391 (98%, ADMINISTRATION SUPPORT); 3157 (2%, UNIVERSAL HOME VISITING)",PROF SERV OTHER (98%); DATA PROCESSING SUPPLIES (2%),0.0
PROTEK INFORMATION TECHNOLOGY SERVICES LLC,Digital,Department of Health and Mental Hygiene; Department of Information Technology and Telecommunications,"Woman-owned IT consulting: cybersecurity, software dev, data analytics, DevSecOps for government",5,0,0,0,0,31848,565301,2092964,763556,635424,913977,"1300 (83%, NYC CYBER COMMAND); PAM2 (17%, OTI PRIVILEGED ACCESS MGMT (PAM) PHASE 2); 1150 (0%, INFORMATION TECHNOLOGY)",PROF SERV COMPUTER SERVICES (83%); CAPITAL ONLY FUNDED SBITA (17%); CONTRACTUAL SERVICES GENERAL (0%),100.0
Collabera LLC,Digital,Department of Information Technology and Telecommunications,IT staffing and digital talent solutions (same company as Collabera Inc),42,0,0,0,0,0,0,0,0,627806,416765,,,
RAJ TECHNOLOGIES INC,Digital,Department of Education; Department of Information Technology and Telecommunications; SCHOOL CONSTRUCTION AUTHORITY,"MBE IT consulting: app dev, systems integration, web solutions, cybersecurity since 1986",6,0,0,0,0,24485,0,219380,319582,595612,1201720,"7719 (36%, DIIT); E706 (29%, IMPLEMENTATION OF THE SEVENTH FIVE-YEAR); MSME (22%, OTI: MYCITY APPLICATION DEVELOPMENT INCL); 1300 (8%, NYC CYBER COMMAND); 1108 (5%, GENERAL EDUCATION BUSES)",PROF SERV COMPUTER SERVICES (43%); CONSTRUCTION-BUILDINGS (29%); CAPITAL PURCHASED EQUIPMENT (22%); PROF SERV OTHER (5%),43.0
KFORCE INC,Digital,Department of Information Technology and Telecommunications,IT staffing firm specializing in technology talent and digital transformation solutions,3,0,0,0,0,0,3248092,1275731,909612,586920,19512,"0711 (100%, PUBLIC SAFETY IT SERVICES)",PROF SERV OTHER (100%),0.0
MKI GROUP LLC,Digital,Department of Citywide Administrative Services; Department of Information Technology and Telecommunications,"DBA IS3 Solutions - IT staffing and services, MBE certified federal vendor",5,0,0,0,0,0,36960,191796,593990,508610,578247,"MSME (36%, OTI: MYCITY APPLICATION DEVELOPMENT INCL); 1300 (34%, NYC CYBER COMMAND); NGEN (26%, DOITT: NEXT GENERATION 9-1-1 PROGRAM (NG); 0711 (5%, PUBLIC SAFETY IT SERVICES)",CAPITAL PURCHASED EQUIPMENT (61%); PROF SERV COMPUTER SERVICES (34%); CONTRACTUAL SERVICES GENERAL (5%),34.0
"LEVI, RAY & SHOUP, INC.",Digital,Department of Information Technology and Telecommunications; Department of Social Services; Financial Information Services Agency,"IBM Premier Business Partner, GSA contract holder",5,488659,519328,338871,419412,335418,379577,306654,575246,504748,340841,"3200 (25%, IU - MAINFRAME); 0101 (23%, INTERNAL AUDIT); 9912 (21%, MANAGEMENT INFORMATION SYSTEMS); 3204 (19%, IU MAINFRAME - I/C); 2000 (12%, NYCAPS)",DATA PROCESSING EQUIPMENT MAINTENANCE (100%),0.0
"GANDIVA NETWORKS, INC.",Digital,Department of Citywide Administrative Services; Department of Information Technology and Telecommunications,Network architect and cybersecurity services for NYC DoITT,3,0,0,0,0,0,0,34900,544103,495800,366958,"NGEN (97%, DOITT: NEXT GENERATION 9-1-1 PROGRAM (NG); FDT1 (3%, OFFICE OF TECHNOLOGY AND INNOVATION (CIT)",CAPITAL PURCHASED EQUIPMENT (100%),0.0
ISLAND COMPUTER PRODUCTS INC ICP INC,Digital,Department of Finance,"MWBE IT services: systems integration, network/infrastructure services, e-business solutions. Related entry: ISLAND COMPUTER PRODUCTS INC (Mixed)",26,183535,358928,338183,790199,2911460,1694263,2613000,1890124,489144,381154,,,
USTRONICS.COM INC,Mixed,Department of Information Technology and Telecommunications; Mayoralty,"IT and satellite communications for government, mGov/mHealth apps, VSAT solutions",2,115500,117569,170644,141737,214796,179345,205526,177497,438204,265736,"5200 (66%, TELECOM SERVICES - I/C); 0711 (22%, PUBLIC SAFETY IT SERVICES); 3510 (8%, TELECOM OPERATION); 8101 (3%, CITY HALL EMERGENCY COMMUNICATIONS); 5205 (0%, TELECOM SERVICES - OC GRANT); 0406 (0%, OTPS-OMB); 9010 (0%, NYC TV)",TELEPHONE & OTHER COMMUNICATNS (100%); TELECOMMUNICATIONS EQUIPMENT (0%),0.0
"Celeritas Solutions, LLC",Digital,Department for the Aging; Department of Emergency Management; Department of Finance,"Digital agency: eLearning, apps, websites, video production",6,0,69000,200900,177790,325310,166063,113646,284336,405425,150140,"0101 (75%, ADMINISTRATION); 2995 (17%, 23 UASI T&E); 0501 (8%, PAYROLL & CITY LEASE)",TRAINING PRGM CITY EMPLOYEES (75%); CONTRACTUAL SERVICES GENERAL (25%),0.0
PRECISELY SOFTWARE INCORPORATED,Digital,Department of Consumer & Worker Protection; Department of Environmental Protection; Department of Finance; Department of Health and Mental Hygiene; Department of Information Technology and Telecommunications; Department of Social Services; Financial Information Services Agency,"Data integrity software for government, FedRAMP certified, geospatial and data quality solutions",8,0,0,0,0,0,0,38087,415598,382800,501859,"3200 (38%, IU - MAINFRAME); 1801 (14%, INFORMATION TECHNOLOGY); 0114 (13%, STARS); 9912 (6%, MANAGEMENT INFORMATION SYSTEMS); 9195 (6%, VITAL STATISTICS); 0101 (5%, INTERNAL AUDIT); 4120 (5%, FOOD SAFETY); CR14 (4%, ARP - EH OTPS); 0525 (3%, UNIVERSAL METERING OTPS); 2803 (3%, INFORMATION TECHNOLOGY)",DATA PROCESSING EQUIPMENT MAINTENANCE (50%); DATA PROCESSING SUPPLIES (17%); CONTRACTUAL SERVICES GENERAL (14%); MAINT & REP GENERAL (11%); OTHR SERV AND CHRGS-GENERAL (6%); BOOKS-OTHER (3%),0.0
AZH CONSTRUCTION & CONSULTING CORP,Digital,Department of Environmental Protection; Department of Health and Mental Hygiene; Department of Information Technology and Telecommunications,"DBE/MBE/WBE IT consulting, software development, AI/Quantum/Blockchain products",3,13250,5250,24876,46843,60290,216874,89817,340211,381801,262364,"1044 (63%, ADMINISTRATIVE SERVICES); FDT1 (12%, OFFICE OF TECHNOLOGY AND INNOVATION (CIT); 0296 (12%, W/S UPSTATE POLICE); 2150 (11%, HIV SURVEILLANCE & RESEARCH); 0244 (1%, HEAVY CONSTRUCTION); 2118 (0%, COMMUNICABLE DISEASES)",TRAINING PRGM CITY EMPLOYEES (63%); DATA PROCESSING SUPPLIES (13%); CAPITAL PURCHASED EQUIPMENT (12%); SUPPLIES + MATERIALS - GENERAL (12%); CONTRACTUAL SERVICES GENERAL (0%),0.0
LIRO GIS INC,Digital,Department of Information Technology and Telecommunications,"GIS and IT consulting for government, web application development, geospatial services",1,0,0,0,85732,432588,543786,477719,407074,378840,600202,"0711 (100%, PUBLIC SAFETY IT SERVICES)",PROF SERV OTHER (100%),0.0
DEBRA D JOHNSON,Digital,Department of Environmental Protection; Department of Information Technology and Telecommunications; Department of Small Business Services,DBA Hill Data Management. Microsoft Premier Service subscriptions for government.,3,0,0,0,39998,136087,243688,303065,174138,364914,421038,"MSME (78%, OTI: MYCITY APPLICATION DEVELOPMENT INCL); 8811 (16%, MYCITY PROJECT); 1306 (1%, DISCRETIONARY MANAGEMENT)",CAPITAL PURCHASED EQUIPMENT (78%); PROF SERV COMPUTER SERVICES (16%); PROF SERV OTHER (1%),16.0
"Radiant Resources, Inc",Digital,Department of City Planning; Department of Health and Mental Hygiene; Department of Information Technology and Telecommunications; SCHOOL CONSTRUCTION AUTHORITY,"IT services for public clients, cybersecurity, cloud, infrastructure",3,0,19838,0,670505,842365,242926,496744,2475485,360666,781405,"E707 (50%, 040 E-2366); E706 (23%, IMPLEMENTATION OF THE SEVENTH FIVE-YEAR); 1300 (18%, NYC CYBER COMMAND); 3001 (3%, BOROUGH OFFICES (CDBG)); 0300 (3%, AGENCYWIDE OTPS - GENERAL); 1150 (2%, INFORMATION TECHNOLOGY)",ADMINISTRATIVE EXPENSES (73%); PROF SERV COMPUTER SERVICES (18%); DATA PROCESSING EQUIPMENT MAINTENANCE (9%),18.0
STRATFORD SOLUTIONS INC,Digital,Department of Citywide Administrative Services; Department of Information Technology and Telecommunications,"M/WBE IT staffing and consulting for government, commercial IT solutions",2,0,0,0,0,0,0,0,0,360572,1645681,"NGEN (51%, DOITT: NEXT GENERATION 9-1-1 PROGRAM (NG); FDT1 (14%, OFFICE OF TECHNOLOGY AND INNOVATION (CIT); MSME (14%, OTI: MYCITY APPLICATION DEVELOPMENT INCL); 0711 (13%, PUBLIC SAFETY IT SERVICES); 1300 (5%, NYC CYBER COMMAND); 8811 (2%, MYCITY PROJECT)",CAPITAL PURCHASED EQUIPMENT (80%); PROF SERV COMPUTER SERVICES (18%); PROF SERV OTHER (2%),18.0
CAPSTONE STRATEGY GROUP LLC,Digital,Department of Citywide Administrative Services; Department of Information Technology and Telecommunications; NYC Taxi and Limousine Commission,"Business transformation and technology consulting for government, digital transformation services",2,102688,129112,25000,90600,84900,369522,266440,0,355091,413180,"MSME (52%, OTI: MYCITY APPLICATION DEVELOPMENT INCL); CONC (32%, TLC CONNECT UPGRADE, PROFESSIONAL SERVIC); 0201 (11%, EXECUTIVE AND ADMINISTRATIVE); 8811 (5%, MYCITY PROJECT)",CAPITAL PURCHASED EQUIPMENT (52%); SPLIT FUNDED SBITA (32%); PROF SERV OTHER (16%),0.0
SOFTWARE PEOPLE INC,Digital,Department of Information Technology and Telecommunications; Department of Transportation; SCHOOL CONSTRUCTION AUTHORITY,"Software consulting: systems integration, ERP, CRM, data warehousing, custom app development",3,0,0,0,203556,260786,11592,186898,958711,354737,584768,"1201 (26%, MANAGEMENT INFO SYSTEMS); 3131 (24%, APPLICATIONS); 806K (15%, DOT, CITY-WIDE: DESIGN, DEVELOPMENT, & I); CON5 (12%, 040 SSBA-CC); 806L (9%, DOT: NYCSTREETS PAVEMENTWORKS 2.0 SOFTWA); 4147 (6%, PARKING AND METER COLLECTIONS); 4181 (6%, TRAFFIC INTELLIGENCE DIVISION); 4140 (2%, PARKING AND METER COLLECTIONS)",PROF SERV COMPUTER SERVICES (64%); CAPITAL PURCHASED EQUIPMENT (24%); CONSTRUCTION-BUILDINGS (12%),64.0
SATURN BUSINESS SYSTEMS INC,Digital,City Council; Department of Finance; Department of Information Technology and Telecommunications,"Data center, cloud, analytics, cybersecurity solutions",3,0,11035,0,64731,152406,77190,469285,2098719,350541,324258,"3950 (73%, IT SERVICE MANAGEMENT); 1409 (25%, INFORMATION SECURITY); 2001 (1%, OTPS CENTRAL STAFF)",DATA PROCESSING EQUIPMENT MAINTENANCE (73%); OTHR SERV AND CHRGS-GENERAL (25%); DATA PROCESSING SUPPLIES (1%),0.0
DMK Partnership LLC,Digital,Department of Information Technology and Telecommunications,"IT management solutions, service desk, asset management",1,465350,497100,532000,289000,330955,344940,363345,344940,344940,344940,"3510 (100%, TELECOM OPERATION)",CONTRACTUAL SERVICES GENERAL (100%),0.0
INTRADO LIFE & SAFETY INC,Digital,Department of Information Technology and Telecommunications,"911 emergency systems, public safety software, PSAP solutions",1,0,0,0,0,0,75000,168125,331500,331500,338975,"0711 (100%, PUBLIC SAFETY IT SERVICES)",DATA PROCESSING EQUIPMENT MAINTENANCE (81%); CONTRACTUAL SERVICES GENERAL (19%),0.0
AMMALUIT CORP,Digital,Department of Citywide Administrative Services; Department of Information Technology and Telecommunications,"IT services to federal government: cybersecurity, web development, BPO",2,0,0,0,0,0,0,0,0,313320,710846,"NGEN (41%, DOITT: NEXT GENERATION 9-1-1 PROGRAM (NG); 3400 (21%, IU - NETWORK OPERATIONS); FDT1 (19%, OFFICE OF TECHNOLOGY AND INNOVATION (CIT); 0711 (19%, PUBLIC SAFETY IT SERVICES)",CAPITAL PURCHASED EQUIPMENT (60%); PROF SERV COMPUTER SERVICES (40%),40.0
CTG INC,Digital,Department of Information Technology and Telecommunications,"IT services for government: cloud, application development, cybersecurity",1,1510517,1241641,832881,517944,829397,678010,298900,258475,300825,255500,"5200 (100%, TELECOM SERVICES - I/C)",PROF SERV OTHER (100%),0.0
ELECTRIFAI LLC,Digital,Department of Information Technology and Telecommunications,AI/ML models and data transformation with GSA contract,1,0,0,0,0,0,0,0,0,281500,0,,,
IDESCO CORPORATION,Mixed,Administration for Children's Services; City Council; City University of New York; Department of Buildings; Department of Design and Construction; Department of Education; Department of Emergency Management; Department of Health and Mental Hygiene; Department of Parks and Recreation; Department of Small Business Services; Department of Social Services; Police Department; SCHOOL CONSTRUCTION AUTHORITY,"Physical security with digital components: access control, biometrics, video surveillance",28,1118268,567815,409158,616384,447270,454202,217829,247060,235820,259419,"5101 (46%, PERSONNEL BUREAU ID CARD); 5001 (11%, PERSONNEL BUREAU); 6500 (6%, FACILITY SERVICES); 2411 (5%, LICENSE DIVISION); 9911 (5%, DSS AGENCYWIDE AOTPS); 6600 (5%, MANHATTAN COMMUNITY COLLEGE); 1110 (4%, ADMINISTRATION); 0203 (3%, SECURITY); 6823 (3%, INFORMATION TECHNOLOGY); 2983 (2%, 23 UASI CERT)",SUPPLIES + MATERIALS - GENERAL (71%); DATA PROCESSING EQUIPMENT MAINTENANCE (9%); PURCH DATA PROCESSING EQUIPT (8%); SECURITY EQUIPMENT (4%); PRINTING CONTRACTS (3%); MAINT & REP GENERAL (2%); PRINTING SUPPLIES (1%); ADMINISTRATIVE EXPENSES (1%); OFFICE EQUIPMENT (1%); PROF SERV OTHER (1%),0.0
HD MADE Inc.,Digital,Department of Information Technology and Telecommunications,"Digital creative agency: digital strategy, design, development",2,0,0,0,0,25163,24337,193600,123449,224806,92700,"3161 (100%, OPERATIONS)",CONTRACTUAL SERVICES GENERAL (100%),0.0
MILLENNIUM INFO TECH INC,Digital,Department of Citywide Administrative Services,"IT consulting, staffing, product engineering (est. 2002). GovTech focus. Application development, DevOps, cloud enablement.",2,0,0,0,0,20000,241800,83304,6860,222660,1310295,"NGEN (100%, DOITT: NEXT GENERATION 9-1-1 PROGRAM (NG)",CAPITAL PURCHASED EQUIPMENT (100%),0.0
INFOJINI INC,Digital,Department of Citywide Administrative Services; Department of Transportation,IT services to 400+ government clients across 45 states,3,0,0,0,0,0,0,0,150640,207675,243053,"806K (46%, DOT, CITY-WIDE: DESIGN, DEVELOPMENT, & I); 1290 (21%, DCAS IT); 2003 (20%, RRM VENDOR ASPHALT AND SUPPORT); 2166 (10%, ARTERIAL HIGHWAY MAINTENANCE); 4181 (3%, TRAFFIC INTELLIGENCE DIVISION)",PROF SERV COMPUTER SERVICES (54%); CAPITAL PURCHASED EQUIPMENT (46%),54.0
RNSC Technologies LLC,Digital,Department of Education; Department of Information Technology and Telecommunications; Police Department,"Cybersecurity and IT services, SDVOSB",2,0,0,0,0,0,0,0,0,183811,302983,"0711 (65%, PUBLIC SAFETY IT SERVICES); 4601 (29%, MANAGEMENT INFORMATION SYSTEMS); 8843 (4%, REIMBURSEABLE SUPPORT-GE INST ELE/MID/HS); 4305 (2%, INSTRUCTIONAL SUPPORT SERV - ELEM / MID)",DATA PROCESSING EQUIPMENT MAINTENANCE (78%); PROF SERV OTHER (13%); SUPPLIES + MATERIALS - GENERAL (9%); PROMPT PAYMENT INTEREST (0%),0.0
American Software LLC,Digital,Department of Information Technology and Telecommunications,"IT services to federal, state, local government",1,0,0,0,0,0,0,0,341932,155969,0,,,
VERIZON NEW YORK INC,Mixed,Borough President - Staten Island; City Council; City University of New York; Commission on Human Rights; Department of Buildings; Department of Correction; Department of Information Technology and Telecommunications; Department of Sanitation; Mayoralty; Miscellaneous; Public Administrator-Richmond County; SCHOOL CONSTRUCTION AUTHORITY,Telecommunications with government IT/digital services contracts,23,16582885,12612062,34878924,14419222,1019368,273045,10709152,7394007,150454,1217055,"2007 (89%, SPECIAL RESERVES); E706 (6%, IMPLEMENTATION OF THE SEVENTH FIVE-YEAR); 6800 (2%, HOSTOS COMMUNITY COLLEGE); E707 (1%, 040 E-2366); 6500 (1%, KINGSBOROUGH COMM COLLEGE); 6300 (0%, BRONX COMMUNITY COLLEGE); 0102 (0%, ADMINISTRATION); 0406 (0%, OTPS-OMB); 5116 (0%, TELECOMMUNICATIONS & FACILITIES); 0350 (0%, LAW ENFORCEMENT BUREAU)",JUDGMENTS AND CLAIMS-NOT REPORTABLE (89%); CONSTRUCTION-BUILDINGS (6%); TELEPHONE & OTHER COMMUNICATNS (3%); ADMINISTRATIVE EXPENSES (1%); TELECOMMUNICATIONS MAINT (0%); AUTOMOTIVE SUPPLIES & MATERIAL (0%); OFF SVC-MEMBERSHIP DUES & FEES (0%); DATA PROCESSING SUPPLIES (0%); SUPPLIES + MATERIALS - GENERAL (0%); PURCH DATA PROCESSING EQUIPT (0%),0.0
"Windstream Holdings, Inc.",Mixed,Department of Information Technology and Telecommunications,Telecommunications with government IT services,2,3246,35771,25259,35085,108749,292789,464472,358258,130337,84831,"5200 (90%, TELECOM SERVICES - I/C); 1300 (10%, NYC CYBER COMMAND); 8237 (0%, MOCJ - ECOLOGY OF JUSTICE)",TELEPHONE & OTHER COMMUNICATNS (100%),0.0
THE INSTITUTE FOR APPLIED NETWORK SECURITY LLC,Digital,Department of Information Technology and Telecommunications; Police Department,Cybersecurity consulting with GSA and Texas DIR contracts,2,0,0,4995,33333,36111,33333,77055,72270,128770,138995,"1300 (55%, NYC CYBER COMMAND); 4601 (45%, MANAGEMENT INFORMATION SYSTEMS)",DATA PROCESSING EQUIPMENT MAINTENANCE (95%); EXPENSE ONLY FUNDED SBITA (5%),5.0
GIOIA P AMBRETTE INC,Mixed,Department of Information Technology and Telecommunications; Office of the Comptroller,VoIP and unified communications systems integrator (Newcastle Communications),4,80372,48965,49222,26610,0,20530,81893,77810,95999,88714,"3350 (60%, IT OPERATION); 0702 (22%, INFORMATION SYSTEMS); 3510 (18%, TELECOM OPERATION)",DATA PROCESSING EQUIPMENT MAINTENANCE (78%); DATA PROCESSING SUPPLIES (22%),0.0
LEIDOS DIGITAL SOLUTIONS INC,Digital,City Council; Department of Buildings; Department of Education; Department of Health and Mental Hygiene; Department of Information Technology and Telecommunications; Department of Parks and Recreation; Office of the Comptroller,"Major government IT contractor, Intranet Quorum platform",14,0,166324,173644,283496,317406,333445,166679,139984,90062,87758,"8100 (35%, CITYWIDE SUPPORT); 1140 (27%, EXTERNAL AFFAIRS); 5111 (12%, INFORMATION TECHNOLOGY (IT)); 8401 (9%, MHY ADMIN - NON-VOLUNTARY EXP); 6823 (7%, INFORMATION TECHNOLOGY); 2001 (5%, OTPS CENTRAL STAFF); 0702 (3%, INFORMATION SYSTEMS); 7205 (1%, OFFICE OF PUBLIC AFFAIRS)",DATA PROCESSING EQUIPMENT MAINTENANCE (47%); DATA PROCESSING SUPPLIES (33%); MAINT & REP GENERAL (7%); CONTRACTUAL SERVICES GENERAL (7%); PROF SERV COMPUTER SERVICES (5%); SUPPLIES + MATERIALS - GENERAL (1%); PROF SERV OTHER (0%),5.0
SANGHI CONSUTING INC,Digital,Department of Information Technology and Telecommunications,IT consulting exclusively for NYS public sector,1,0,0,0,0,0,83420,87599,91982,80000,84000,"0391 (100%, ADMINISTRATION SUPPORT)",OTHR SERV AND CHRGS-GENERAL (100%),0.0
Evergreen Technologies LLC,Digital,Department of Citywide Administrative Services; Department of Education; Department of Information Technology and Telecommunications; SCHOOL CONSTRUCTION AUTHORITY,"IT staffing and consulting agency. Network, internet, computer services, staff augmentation, IT project consulting.",3,0,0,0,0,0,0,0,0,63863,1769362,"NGEN (50%, DOITT: NEXT GENERATION 9-1-1 PROGRAM (NG); 0711 (15%, PUBLIC SAFETY IT SERVICES); 7719 (12%, DIIT); E706 (12%, IMPLEMENTATION OF THE SEVENTH FIVE-YEAR); 1387 (5%, 21 UASI - THREAT MODELING INTEGRATION); 8100 (3%, CITYWIDE SUPPORT); 1300 (2%, NYC CYBER COMMAND)",CAPITAL PURCHASED EQUIPMENT (50%); PROF SERV COMPUTER SERVICES (19%); CONTRACTUAL SERVICES GENERAL (15%); CONSTRUCTION-BUILDINGS (12%); PROF SERV OTHER (3%),19.0
ALTECH ELECTRONICS INC,Mixed,Administration for Children's Services; City University of New York; Department of Emergency Management; Police Department; Public Advocate,Motorola two-way wireless communications for NYC agencies,26,42811,33393,28113,60031,23824,13877,55332,46529,63122,48326,"6500 (37%, KINGSBOROUGH COMM COLLEGE); 0101 (11%, EXEC MGMT & ADMIN); 1600 (11%, DIRECT FOSTER CARE); 0205 (11%, OPERATIONS); 6300 (7%, BRONX COMMUNITY COLLEGE); 6200 (7%, NEW COMMUNITY COLLEGE); 6400 (6%, QUEENSBOROUGH COMM COLLEGE); 1701 (5%, DETECTIVE BUREAU); 2633 (5%, FY21 URBAN SEARCH & RESCUE)",SECURITY EQUIPMENT (49%); MOTOR VEHICLES (11%); CHILD WELFARE SERVICES (11%); PROF SERV OTHER (11%); EQUIPMENT GENERAL (10%); AUTOMOTIVE SUPPLIES & MATERIAL (7%); SUPPLIES + MATERIALS - GENERAL (1%); TRANSPORTATION EXPENDITURES (0%),0.0
PK WARE INC,Digital,Department of Information Technology and Telecommunications,Enterprise data encryption software with government solutions,1,86570,60075,60075,60075,80487,62991,62991,62991,62991,62991,"3200 (52%, IU - MAINFRAME); 3204 (48%, IU MAINFRAME - I/C)",DATA PROCESSING EQUIPMENT MAINTENANCE (100%),0.0
CONSULTING-PORTAL INC,Digital,Department of Finance; Department of Information Technology and Telecommunications; Department of Social Services,Navvia Process Designer - ITSM/BPM SaaS platform,3,0,0,20000,20886,60272,63277,35780,83163,62540,62658,"0104 (38%, MANAGEMENT INFORMATION SERVICE); 9912 (32%, MANAGEMENT INFORMATION SYSTEMS); 3950 (30%, IT SERVICE MANAGEMENT)",MAINT & REP GENERAL (38%); BOOKS-OTHER (32%); OTHR SERV AND CHRGS-GENERAL (30%),0.0
VITAC,Mixed,Department of Information Technology and Telecommunications,Captioning/accessibility services for government,1,0,0,57172,170385,158550,84568,65279,110978,61115,29753,"9010 (100%, NYC TV)",CONTRACTUAL SERVICES GENERAL (99%); OTHR SERV AND CHRGS-GENERAL (1%),0.0
TOTALCAPTION LLC,Mixed,Board of Correction; Board of Elections; Department of Citywide Administrative Services; Department of Health and Mental Hygiene; Department of Information Technology and Telecommunications; Mayoralty,CART captioning/accessibility for government meetings,6,0,1950,6431,52188,54717,65908,35845,12306,44321,95684,"0101 (81%, EXEC/ADMIN STAFF); 1093 (13%, VARIOUS PROJECTS); 8600 (2%, CIVIC ENGAGEMENT COMMISSION); 0201 (2%, DEPARTMENTAL OPERATIONS); 0264 (1%, NYC SERVICE OFFICE); 1140 (1%, EXTERNAL AFFAIRS); 0211 (0%, CHIEF OF STAFF)",CONTRACTUAL SERVICES GENERAL (85%); TEMPORARY SERVICES (14%); PROF SERV OTHER (1%),0.0
PRINCETECH INCORPORATED,Digital,Department of Cultural Affairs; Police Department,"DevSecOps, cybersecurity, database admin for government",1,0,0,0,0,0,0,0,0,40286,545952,"1875 (39%, FY21 INTERNET CRIMES AGAINST CHILDREN); 293A (35%, BRONX COUNTY HISTORICAL SOCIETY (CIG) 33); 993B (18%, MOVEMENT RESEARCH, INC. (NFP), 150 FIRST); 993A (7%, MOVEMENT RESEARCH, INC. (NFP), 150 FIRST); 0135 (0%, FINANCE AND ADMINISTRAT)",CAPITAL PURCHASED EQUIPMENT (61%); DATA PROCESSING EQUIPMENT MAINTENANCE (39%); PROMPT PAYMENT INTEREST (0%),0.0
Encompass Digital Media,Mixed,Department of Information Technology and Telecommunications,Video broadcasting infrastructure with GSA contract for government,1,39700,42150,49550,25536,25170,18740,26370,17490,20590,14370,"9010 (100%, NYC TV)",TELEPHONE & OTHER COMMUNICATNS (100%),0.0
SLALOM INC,Digital,Department of Information Technology and Telecommunications,IT consulting for federal and state government,1,0,0,0,0,0,0,0,0,20000,0,,,
REV LLC,Digital,Department of Information Technology and Telecommunications,Transcription and captioning services for government applications,1,0,0,0,0,0,0,0,514950,19950,0,,,
STORAGE ENGINE INC,Digital,Administration for Children's Services; Department of Information Technology and Telecommunications,"Secure data storage solutions for government, DoD Facility Cleared",1,228143,283195,149285,158354,18356,99598,18036,113842,19950,102591,"6633 (81%, MANAGEMENT INFORMATION SYSTEM); 8100 (19%, CITYWIDE SUPPORT)",DATA PROCESSING EQUIPMENT MAINTENANCE (74%); OTHR SERV AND CHRGS-GENERAL (26%),0.0
CFI GROUP USA LLC,Mixed,Department of Information Technology and Telecommunications,Customer satisfaction measurement for 311,1,0,0,0,0,0,0,19700,19696,19696,19696,"1101 (100%, 311 - CITY)",OTHR SERV AND CHRGS-GENERAL (100%); <Non-Applicable Expenditure Object> (-0%),0.0
PAMTEN INC,Digital,Department of Information Technology and Telecommunications,IT services and computer consulting for government.,1,0,0,0,0,0,0,0,171470,18200,18675,"0711 (92%, PUBLIC SAFETY IT SERVICES); 8100 (8%, CITYWIDE SUPPORT)",CONTRACTUAL SERVICES GENERAL (92%); PROF SERV OTHER (8%),0.0
SHODAN LLC,Digital,Department of Information Technology and Telecommunications,"Cybersecurity search engine for vulnerability scanning. Scans internet-connected devices, used by security professionals.",1,0,0,0,0,0,9889,9889,0,12082,12086,"1300 (100%, NYC CYBER COMMAND)",DATA PROCESSING EQUIPMENT MAINTENANCE (100%); <Non-Applicable Expenditure Object> (-0%),0.0
RESULTANT LLC,Digital,Department of Information Technology and Telecommunications,"Modern IT consulting firm - data analytics, digital transformation, cybersecurity, cloud services. Public sector focus.",1,0,0,0,0,0,0,2750,0,1746,20696,"3130 (96%, ADM - MAINTENANCE AND SUPPORT); 1300 (4%, NYC CYBER COMMAND)",DATA PROCESSING EQUIPMENT MAINTENANCE (96%); OTHR SERV AND CHRGS-GENERAL (4%); <Non-Applicable Expenditure Object> (-0%),0.0
Ivalua Inc,Digital,Mayoralty,"Procurement software vendor - builds and maintains PASSPort, NYC's procurement and sourcing solutions portal for MOCS.",131,0,11538883,4561999,14951536,14243774,8889748,11144448,11681562,9816483,3405305,"0901 (100%, TECHNOLOGY STRATEGY)",CONTRACTUAL SERVICES GENERAL (100%),0.0
NAGARRO INC,Digital,Department of Education; Department of Social Services; Housing Preservation and Development; OFFICE OF CRIMINAL JUSTICE; SCHOOL CONSTRUCTION AUTHORITY,"Global IT consulting firm (Germany-based). Digital engineering, technology consulting, AI/ML. 20,000+ employees.",0,0,0,0,605675,2637027,5902043,2036865,33446403,10859550,36616181,"7719 (57%, DIIT); 1108 (16%, GENERAL EDUCATION BUSES); 1731 (12%, PROGRAM MANAGMENT & CONTRACT MAINTENANCE); 5411 (9%, RELATED SERVICES -CENTRALLY ADMINISTERED); 9940 (2%, DHS ITS); E707 (2%, 040 E-2366); 6275 (1%, ERP DELEADING CD); 4003 (1%, OFFICE OF SPECIAL ENFORCEMENT CONTRACTS); E706 (0%, IMPLEMENTATION OF THE SEVENTH FIVE-YEAR); 1400 (0%, MGT SERVICES - INFO SYSTEMS)",PROF SERV COMPUTER SERVICES (96%); ADMINISTRATIVE EXPENSES (2%); PROF SERV OTHER (1%); FIXED CHARGES - GENERAL (1%); OTHR SERV AND CHRGS-GENERAL (0%),96.0
"CLOUD SOFTWARE GROUP, INC.",Digital,Police Department,"Enterprise software company formed from Citrix + TIBCO merger. Virtualization, VDI, integration software.",0,0,0,0,0,0,0,0,0,8941587,17476067,"4601 (100%, MANAGEMENT INFORMATION SYSTEMS)",PROF SERV COMPUTER SERVICES (100%); PROMPT PAYMENT INTEREST (0%),100.0
CURRIER MCCABE & ASSOCIATES INC,Digital,Department of Education; Department of Homeless Services; Department of Social Services; Housing Preservation and Development,"IT consulting firm (NY-based). Oracle partner, applications development, government contracts. dba CMA Consulting.",0,6723861,10460641,9439058,26851088,15002252,16608894,14706575,15262827,20323365,9792214,"9940 (56%, DHS ITS); 7719 (16%, DIIT); 9912 (14%, MANAGEMENT INFORMATION SYSTEMS); DSAS (5%, HPD: DEVELOP & DEPLOY SUBSIDY AUTOMATION); CR27 (3%, ARPA ACL - APS GRANT #3); 9944 (2%, MEDICAL ASSISTANCE AOTPS); 9424 (2%, OCSS AOTPS); 8910 (2%, ESG-HOMELESS MANAGEMENT INFORMATION SYST); OMNY (1%, DSS: HRA; CITYWIDE: FAIR FARES INTEGRATI); 1500 (0%, DEPTY COMM ADMINSTRTVE SERVCES)",PROF SERV COMPUTER SERVICES (94%); CAPITAL ONLY FUNDED SBITA (5%); CAPITAL PURCHASED EQUIPMENT (1%); PROMPT PAYMENT INTEREST (0%),99.0
SoundThinking Inc,Mixed,Police Department,Public safety technology company. ShotSpotter gunshot detection system - acoustic sensors + software for law enforcement.,0,0,0,0,0,0,0,0,0,7311623,9550338,"4601 (100%, MANAGEMENT INFORMATION SYSTEMS)",PROF SERV COMPUTER SERVICES (100%),100.0
SVAM INTERNATIONAL INC,Mixed,City University of New York; Department of Citywide Administrative Services; Department of Design and Construction; Department of Education; Department of Environmental Protection; Department of Social Services; Financial Information Services Agency; SCHOOL CONSTRUCTION AUTHORITY,"IT staffing & consulting firm. NYC-certified MBE. 750+ employees across US, India, Mexico.",0,6036056,4804293,5143880,5406428,7002059,7669490,10120824,9456017,9653671,20420941,"TEC5 (34%, BL 2365_TEC5); 0525 (18%, UNIVERSAL METERING OTPS); E706 (10%, IMPLEMENTATION OF THE SEVENTH FIVE-YEAR); E707 (10%, 040 E-2366); EEO1 (8%, DCAS, CITYWIDE: IT EQUIPMENT SYSTEM UPGR); 7719 (6%, DIIT); 9940 (3%, DHS ITS); 018C (2%, ITS CLT); 1054 (2%, MANAGEMENT INFORMATION SERVICE); 1290 (1%, DCAS IT)",CONSTRUCTION-BUILDINGS (35%); PROF SERV COMPUTER SERVICES (32%); ADMINISTRATIVE EXPENSES (20%); CAPITAL PURCHASED EQUIPMENT (8%); EXPENSE ONLY FUNDED SBITA (2%); DATA PROCESSING EQUIPMENT MAINTENANCE (2%); OTHR SERV AND CHRGS-GENERAL (1%); PROF SERV ENGINEER & ARCHITECT (1%); CONTRACTUAL SERVICES GENERAL (1%); PROMPT PAYMENT INTEREST (0%),34.0
WORKDAY INC,Digital,Brooklyn Public Library,Major HR/Finance SaaS platform. Cloud-based ERP for human capital management and financial management.,0,0,0,282188,271788,271788,312644,0,9000,9120,4586329,"NERP (100%, BROOKLYN PUBLIC LIBRARY, PURCHASE OF)",CAPITAL ONLY FUNDED SBITA (100%),100.0
NTT DATA AMERICAS INC,Mixed,Department of Education; SCHOOL CONSTRUCTION AUTHORITY,"Global IT consulting firm (Japan-based subsidiary of NTT). 94,000 employees. Cloud, digital transformation, infrastructure.",0,0,0,0,0,0,0,0,0,35334567,94649700,"DL05 (33%, 2365_DL05); E706 (19%, IMPLEMENTATION OF THE SEVENTH FIVE-YEAR); 4301 (16%, GE INST & SCHOOL SUPERVISION ELE/MIDDLE); 7719 (10%, DIIT); SSBT (4%, SMART SCHOOLS BOND ACT (SSBA); DLT5 (3%, DOE SCHOOL ENTRY LOCKING AND EMERGENCY); CCL5 (3%, DOE, CLASSROOM CONNECTIVITY PRJT, INCLD); 05DL (2%, 2366_05DL); E705 (2%, 6TH PLAN - BL 2364); 1733 (2%, SKILLED TRADES)",CONSTRUCTION-BUILDINGS (69%); DATA PROCESSING EQUIPMENT MAINTENANCE (26%); PROF SERV COMPUTER SERVICES (5%); TELECOMMUNICATIONS MAINT (0%); OTHR SERV AND CHRGS-GENERAL (0%); OFFICE EQUIPMENT MAINTENANCE (0%); SUPPLIES + MATERIALS - GENERAL (0%),5.0
CGI TECHNOLOGIES AND SOLUTIONS INC,Mixed,Department of Citywide Administrative Services; Department of Finance; Department of Social Services; Financial Information Services Agency,"Major IT consulting firm (Canada-based). 94,000 employees. 42% revenue from government contracts.",0,10770981,8425411,5861115,13157238,11745004,11237841,11587850,9516628,9723243,10906746,"0114 (40%, STARS); 4000 (32%, FMS3 MAINTENANCE); 9940 (21%, DHS ITS); ACCT (7%, FISA-OPA FMS COST ACCOUNTING MODULE IT E)",DATA PROCESSING EQUIPMENT MAINTENANCE (53%); PROF SERV COMPUTER SERVICES (40%); CAPITAL PURCHASED EQUIPMENT (7%),40.0
ENTERPRISE PEOPLE INC,Digital,Department of Homeless Services; Department of Social Services,IT staffing firm providing technology consultants to government agencies.,0,0,0,624214,2558704,4138283,5890851,6259316,5235665,4616117,5108162,"9940 (34%, DHS ITS); 9912 (19%, MANAGEMENT INFORMATION SYSTEMS); IVSS (12%, HRA; PROCURE PROFESSIONAL SRVCS, HARDWAR); 9424 (11%, OCSS AOTPS); 9580 (5%, PUBLIC ENGAGEMENT AOTPS); 9904 (5%, HHS-CONNECT OTPS); CR27 (4%, ARPA ACL - APS GRANT #3); CAR1 (4%, DHS: PROCURE PROFESSIONAL SRVCS FOR CLIE); 9944 (3%, MEDICAL ASSISTANCE AOTPS); 6234 (2%, HEAP 44 ADMIN)",PROF SERV COMPUTER SERVICES (84%); CAPITAL PURCHASED EQUIPMENT (12%); SPLIT FUNDED SBITA (4%),84.0
"ManpowerGroup Public Sector, Inc.",Digital,Department of Homeless Services; Department of Social Services,"Government IT staffing subsidiary of ManpowerGroup (world's 3rd largest workforce company). Cleared talent, federal staffing.",0,2184800,1015647,906225,1261672,5873375,3065150,2789724,9409454,5323733,3957480,"9912 (48%, MANAGEMENT INFORMATION SYSTEMS); 9940 (25%, DHS ITS); 9580 (4%, PUBLIC ENGAGEMENT AOTPS); 8910 (4%, ESG-HOMELESS MANAGEMENT INFORMATION SYST); 9424 (4%, OCSS AOTPS); 9972 (4%, COC SSO CAPS DV BONUS GRANT); CR27 (4%, ARPA ACL - APS GRANT #3); 9944 (3%, MEDICAL ASSISTANCE AOTPS); 9942 (3%, COC SSO CAPS GRANT AOTPS); 9733 (3%, WECARE CMS)",PROF SERV COMPUTER SERVICES (100%),100.0
IMAGEWORK TECHNOLOGIES CORP,Digital,Department of Education; Fire Department; Police Department,"Management consulting & systems integration firm (NY-based, founded 1995). MWBE. Custom software for government.",0,650406,790960,701292,826064,1141818,1313698,931596,1608582,1076073,3677183,"7719 (68%, DIIT); 5601 (19%, MEDICAL DIVISION); 5207 (6%, BUREAU OF HEALTH SERVICES OTPS); 4262 (5%, WTC CCE FFS - NON SEFA (EFF. 9/29/22); 3027 (1%, FISCAL SERVICES); 3117 (1%, CENTRAL SERVICES); 3307 (0%, TECHNOLOGY DEVELOPMENT & SYSTEMS)",PROF SERV COMPUTER SERVICES (80%); CONTRACTUAL SERVICES GENERAL (12%); MAINT & REP GENERAL (7%); PROF SERV OTHER (1%); PROMPT PAYMENT INTEREST (0%),80.0
DICE IT SOLUTIONS LIMITED LIABILITY COMPANY,Digital,Department of Education; Department of Social Services,"IT consulting & staffing firm (dba TechProjects). MWBE. Digital transformation, Oracle, Salesforce.",0,0,0,0,0,0,0,811187,410268,1097109,3120206,"9912 (41%, MANAGEMENT INFORMATION SYSTEMS); 7719 (32%, DIIT); 9940 (16%, DHS ITS); IVSS (8%, HRA; PROCURE PROFESSIONAL SRVCS, HARDWAR); 4648 (3%, GE CENTRAL MANAGED SCH SUPP)",PROF SERV COMPUTER SERVICES (92%); CAPITAL PURCHASED EQUIPMENT (8%),92.0
"Planned Systems International, Inc.",Digital,Department of Social Services,"Federal IT solutions provider (MD, founded 1988). Cyber security, healthcare IT. Minority-owned.",0,2538767,2109183,1807256,2317147,2429496,182108,4683336,1978975,2469115,2002486,"9912 (100%, MANAGEMENT INFORMATION SYSTEMS)",PROF SERV COMPUTER SERVICES (100%),100.0
DECCAN INTERNATIONAL,Digital,Fire Department,"Fire & EMS decision-support software company (San Diego, founded 1995). Response time optimization software.",0,1292304,1420232,764363,951751,957972,1087057,923424,792610,974945,1218968,"4322 (58%, FFY 2023 URBAN AREA SECURITY INITIATIVE); HG03 (42%, UASI 2024 GRANT)",PROF SERV COMPUTER SERVICES (100%),100.0
TEACHERS SUPPORT NETWORK INC,Digital,Department of Education,Education technology company. Teacher recruitment platform with 150K+ candidate database.,0,0,0,0,0,0,0,875408,998354,942054,1097450,"4648 (92%, GE CENTRAL MANAGED SCH SUPP); 8888 (8%, REIMBUR SUP-CENTL SCH SUP PROG & SERV)",PROF SERV COMPUTER SERVICES (100%),100.0
Fusemachines Inc.,Digital,Campaign Finance Board,"AI/ML products company (NYC, founded 2013). Enterprise AI solutions. NASDAQ-listed (FUSE).",0,0,0,0,0,0,0,0,15500,18750,894041,"1004 (100%, TECHNOLOGY)",PROF SERV COMPUTER SERVICES (100%); PROMPT PAYMENT INTEREST (0%),100.0
"PURVIS SYSTEMS, INCORPORATED",Mixed,Fire Department,"Public safety technology firm (RI, founded 1973). FDNY Fire Dispatch System developer for 45+ years.",0,8482098,10978735,10010627,7952725,8468984,12381456,21964585,14670645,10984185,10426608,"7600 (67%, ECTP RELATED COSTS); 3307 (8%, TECHNOLOGY DEVELOPMENT & SYSTEMS); 4322 (4%, FFY 2023 URBAN AREA SECURITY INITIATIVE); 4212 (4%, FFY 2022 URBAN AREA SECURITY INITIATIVE); 4222 (4%, FFY 2022 STATE HOMELAND SECURITY GRANT); 4332 (3%, FFY 2023 STATE HOMELAND SECURITY GRANT); E012 (2%, HURRICANE SANDY CONDUIT PROJECT); 5557 (1%, OUTSIDE PLANT); 4202 (1%, FFY 2021 STATE HOMELAND SECURITY GRANT); 3984 (1%, 2023 STATEWIDE INTEROPERABLE COMM.GRANT)",DATA PROCESSING EQUIPMENT MAINTENANCE (53%); PROF SERV COMPUTER SERVICES (28%); PROF SERV OTHER (16%); MAINT & REP GENERAL (2%); CAPITAL ONLY FUNDED SBITA (1%); CAPITAL PURCHASED EQUIPMENT (0%); MAINT & OPER OF INFRASTRUCTURE (0%); PROMPT PAYMENT INTEREST (0%),29.0
QED INC,Mixed,Department of Social Services; SCHOOL CONSTRUCTION AUTHORITY,"IT consulting & staffing firm (NYC, founded 1993). Woman-owned. Staff augmentation, cyber security.",0,0,0,0,3686527,5167811,7679388,10378551,8664387,5991000,3138984,"E707 (41%, 040 E-2366); 9912 (30%, MANAGEMENT INFORMATION SYSTEMS); E706 (12%, IMPLEMENTATION OF THE SEVENTH FIVE-YEAR); 9942 (10%, COC SSO CAPS GRANT AOTPS); 9424 (5%, OCSS AOTPS); 9945 (2%, HASA AOTPS)",PROF SERV COMPUTER SERVICES (47%); ADMINISTRATIVE EXPENSES (35%); CONSTRUCTION-BUILDINGS (18%),47.0
AITA CONSULTING SERVICES INC,Digital,Department of Citywide Administrative Services; Department of Environmental Protection; Department of Health and Mental Hygiene; Department of Information Technology and Telecommunications; Department of Small Business Services; Department of Transportation; Department of Youth and Community Development; Fire Department; Housing Preservation and Development; Police Department,"IT consulting firm (NJ, founded 2006). AI/ML, cloud, RPA, staff augmentation. MWBE.",0,0,0,0,0,140471,139933,253551,0,521814,1063725,"1290 (48%, DCAS IT); 7333 (20%, HUMAN CAPITAL ADMINISTRATION); 6285 (8%, ERP DELEADING CD); MSME (4%, OTI: MYCITY APPLICATION DEVELOPMENT INCL); 2752 (4%, FFY20 URBAN AREA SECURITY INITIATIVE); 2120 (4%, CIVIL SERVICE EXAM DEVELOPMENT AND ADMIN); 7195 (4%, STOREHOUSE CHARGES - IT); 3307 (3%, TECHNOLOGY DEVELOPMENT & SYSTEMS); 6128 (2%, FFY2018 UASI CTL OTPS); 3612 (2%, ADMIN OTPS)",PROF SERV COMPUTER SERVICES (77%); PURCH DATA PROCESSING EQUIPT (14%); CAPITAL PURCHASED EQUIPMENT (4%); DATA PROCESSING EQUIPMENT MAINTENANCE (3%); SUPPLIES + MATERIALS - GENERAL (2%); DATA PROCESSING SUPPLIES (0%),77.0
ImageWork USA LLC,Digital,Department of Design and Construction; Department of Information Technology and Telecommunications; Department of Sanitation; Fire Department,Software development firm. Related to ImageWork Technologies. Government custom software.,0,61975,56305,129295,172350,218550,108000,239200,483535,293830,1040810,"5207 (27%, BUREAU OF HEALTH SERVICES OTPS); 1084 (16%, INFORMATION TECHNOLOGY-OTPS); 018C (12%, ITS CLT); 4262 (11%, WTC CCE FFS - NON SEFA (EFF. 9/29/22); 8700 (9%, HOUSING RECOVERY OFFICE (HRO); 3307 (7%, TECHNOLOGY DEVELOPMENT & SYSTEMS); 3027 (6%, FISCAL SERVICES); 7390 (5%, BUR BUD & CONTRACT MNGMT); 8021 (3%, BIB TISHMAN CITY FUNDED); 020C (3%, CAPITAL PROJECT SCOPE DEVELOPMENT)",PROF SERV COMPUTER SERVICES (78%); DATA PROCESSING EQUIPMENT MAINTENANCE (9%); CONTRACTUAL SERVICES GENERAL (5%); DATA PROCESSING SUPPLIES (5%); PROF SERV ENGINEER & ARCHITECT (3%),78.0
LEARNINGTIMES LLC,Digital,Department of Education,"Online learning platform (NYC). Produces conferences, webcasts, educational programs. 20 years experience.",0,340436,147695,282435,132175,199037,560290,916888,580187,795203,817845,"7215 (58%, OFFICE OF PARENT ENGAGEMENT); 7265 (18%, OFFICE OF LEGAL SERVICES); 4648 (8%, GE CENTRAL MANAGED SCH SUPP); 7260 (7%, PORTFOLIO PLANNING); 5101 (3%, CLASSRM INST & SCH SUPERVISION - CWSPED); 7239 (3%, OFFICE OF FIELD SUPPORT); 5105 (2%, INSTRUCTIONAL SUPPORT SERVICES - CWSPED); 2640 (1%, FIELD SUPPORT CENTERS (FSC); 7251 (0%, OSEPO)",PROF SERV COMPUTER SERVICES (98%); TELEPHONE & OTHER COMMUNICATNS (2%),98.0
TNT STAFFING LLC,Digital,Administration for Children's Services,"IT staffing firm (NJ, founded 2005). MWBE. Technology staffing for telecom, financial services, healthcare.",0,0,0,0,0,61480,95104,20020,207284,557354,788744,"6633 (100%, MANAGEMENT INFORMATION SYSTEM)",PROF SERV COMPUTER SERVICES (100%),100.0
DEF METHOD INCORPORATED,Digital,Campaign Finance Board,"Software development consultancy (NYC, founded 2014). Agile methodology. Custom software for enterprise clients.",0,154400,319470,146384,30631,242256,164388,83085,449540,795008,787938,"1005 (100%, CANDIDATE GUIDANCE POLICY)",PROF SERV COMPUTER SERVICES (100%),100.0
GC PARTNERS LLC,Digital,Department of Citywide Administrative Services; Law Department,"Legal technology consulting firm (founded 2004). Matter management, Litify/Salesforce implementations.",0,0,0,0,8325,28731,92519,143969,105112,219125,765600,"LSLS (96%, LAW DEPARTMENT: LAW CASE & MATTER MANAGE); 0201 (4%, ADMINISTRATIVE SERVICES DIV.); 1601 (0%, MANAGEMENT INFO SVCS)",CAPITAL ONLY FUNDED SBITA (96%); PROF SERV OTHER (4%); PROF SERV COMPUTER SERVICES (0%),96.0
GENESYS CONSULTING SERVICES INC,Digital,Department of Social Services; Mayoralty,"IT staffing firm (Albany NY, founded 1987). Woman-owned. 30+ years government experience.",0,654263,511808,1193185,957220,1080382,777606,220796,275772,185812,1618128,"0910 (56%, ADMINISTRATION CTL); 0901 (34%, TECHNOLOGY STRATEGY); 9912 (10%, MANAGEMENT INFORMATION SYSTEMS)",CONTRACTUAL SERVICES GENERAL (56%); PROF SERV COMPUTER SERVICES (44%); PROMPT PAYMENT INTEREST (0%),44.0
ORION SYSTEMS INTEGRATORS LLC,Mixed,Department of Citywide Administrative Services; Financial Information Services Agency,"IT services/consulting firm (NJ, founded 1993). Now operates as Orion Innovation. 5,000+ employees globally.",0,0,0,0,0,0,1832579,2727568,2175148,1879421,1575598,"CAPU (30%, FISA-OPA NYCAPS SOFTWARE UPGRADE INCL: P); 5000 (23%, CITYTIME); 0101 (13%, INTERNAL AUDIT); 2000 (13%, NYCAPS); ACCT (10%, FISA-OPA FMS COST ACCOUNTING MODULE IT E); WSVC (10%, FMS INTEGRATION SOLUTION SOFTWARE UPGRAD)",CAPITAL PURCHASED EQUIPMENT (50%); PROF SERV COMPUTER SERVICES (50%),50.0
HITORRA TECHNOLOGIES LLC,Mixed,Health and Hospitals Corporation,"IT solutions provider & value-added reseller (White Plains, NY). Infrastructure, Cisco partner. NYS certified.",0,0,0,0,0,0,0,0,24910907,11896127,16197140,"JG47 (54%, HHC: SYSTEMWIDE: NETWORK IT UPGRADE: FIR); JG67 (26%, HHC, 55 WATER ST (MN); JG45 (11%, HHC, SYSTEMWIDE: NETWORK IT UPGRADE: PUR); JG19 (5%, HHC: SYSTEMWIDE: NETWORK IT UPGRADE: PUR); JG36 (3%, HHC, SYSTEMWIDE: NETWORK IT UPGRADE: PUR); JF72 (0%, HHC: NORTH CENTRAL BRONX (3424 KOSSUTH A)",CAPITAL PURCHASED EQUIPMENT (95%); CAPITAL ONLY FUNDED SBITA (5%),5.0
22ND CENTURY TECHNOLOGIES INC,Digital,Department of Citywide Administrative Services; Department of Education; Department of Homeless Services; Department of Social Services; Department of Transportation; Financial Information Services Agency; Fire Department,"IT staffing company (VA). 6,000+ employees. Serves federal, state, local government. MWBE.",0,0,0,0,3603868,9477783,7340761,6145949,7470597,31010033,22562614,"8843 (27%, REIMBURSEABLE SUPPORT-GE INST ELE/MID/HS); 9926 (11%, DEPT OF HOMELESS SVC AOTPS); 4648 (8%, GE CENTRAL MANAGED SCH SUPP); 4242 (6%, WTC DATA CENTER (NON SEFA); 4601 (5%, GE INSTRUCTION & SCHOOL SUPERVISION - HS); 8888 (5%, REIMBUR SUP-CENTL SCH SUP PROG & SERV); 3117 (5%, CENTRAL SERVICES); 7701 (4%, DIVISION OF FINANCE OPERATIONS); 4232 (4%, WTC CCE ADMIN (SEFA); 4301 (3%, GE INST & SCHOOL SUPERVISION ELE/MIDDLE)",TEMPORARY SERVICES (86%); PROF SERV OTHER (12%); CAPITAL PURCHASED EQUIPMENT (1%); PROF SERV COMPUTER SERVICES (0%); PROMPT PAYMENT INTEREST (0%),0.0
THE REMI GROUP LLC,Mixed,Board of Elections; City Clerk; City University of New York; Department of Correction; Department of Design and Construction; Department of Education; Department of Environmental Protection; Department of Finance; Department of Health and Mental Hygiene; Department of Homeless Services; Department of Information Technology and Telecommunications; Department of Small Business Services; Department of Social Services; Financial Information Services Agency; Mayoralty; Office of Payroll Administration; Office of the Comptroller; SCHOOL CONSTRUCTION AUTHORITY,"Equipment maintenance management company (Charlotte, NC). Manages service contracts for IT/telecom equipment.",0,1730476,2179639,4434709,5906207,11389952,15254398,10032819,28425221,19935199,19910417,"4648 (54%, GE CENTRAL MANAGED SCH SUPP); 1602 (13%, R I TELECOMMUNICATIONS); 8003 (5%, HEALTH AFFAIRS); 7007 (4%, CENTRAL SECURITY); 8000 (2%, UA 008 RESERVE); 9912 (2%, MANAGEMENT INFORMATION SYSTEMS); 0119 (2%, FLEET AND SECURITY); 0234 (2%, WATER SUPPLY DRINKING WATER QU); 2160 (2%, PUBLIC HEALTH LABORATORY); 8843 (2%, REIMBURSEABLE SUPPORT-GE INST ELE/MID/HS)",TELECOMMUNICATIONS MAINT (75%); MAINT & REP GENERAL (10%); PURCH DATA PROCESSING EQUIPT (5%); DATA PROCESSING EQUIPMENT MAINTENANCE (4%); OTHR SERV AND CHRGS-GENERAL (3%); CONTRACTUAL SERVICES GENERAL (1%); SUPPLIES + MATERIALS - GENERAL (0%); DATA PROCESSING SUPPLIES (0%); OFFICE EQUIPMENT MAINTENANCE (0%); TELEPHONE & OTHER COMMUNICATNS (0%),0.0
MICROSOFT CORPORATION,Mixed,Administration for Children's Services; Campaign Finance Board; City University of New York; Department of City Planning; Department of Citywide Administrative Services; Department of Consumer & Worker Protection; Department of Education; Department of Environmental Protection; Department of Finance; Department of Health and Mental Hygiene; Department of Information Technology and Telecommunications; Department of Parks and Recreation; Department of Probation; Department of Sanitation; Department of Social Services; Department of Transportation; Department of Youth and Community Development; Financial Information Services Agency; Fire Department; Housing Preservation and Development; Law Department; Mayoralty; Office of the Comptroller; Police Department; SCHOOL CONSTRUCTION AUTHORITY,"Global software company. Operating systems, productivity software, cloud services (Azure), enterprise solutions.",0,8264745,3959007,4231257,8151633,7672356,11648403,11024140,10700053,9058785,13757627,"4601 (19%, MANAGEMENT INFORMATION SYSTEMS); 8121 (16%, MICROSOFT UNIFIED CITYWIDE SUPPORT); 1054 (8%, MANAGEMENT INFORMATION SERVICE); 9912 (5%, MANAGEMENT INFORMATION SYSTEMS); 4631 (5%, DAS); CV38 (4%, ELC - DATA MODERATION); E707 (4%, 040 E-2366); 3330 (4%, IT OPERATIONS - DATA PROTECTION SERVICES); 3310 (4%, INFRASTRUCTURE TECH ARCHITECTURE); 0104 (3%, MANAGEMENT INFORMATION SERVICE)",DATA PROCESSING EQUIPMENT MAINTENANCE (53%); CONTRACTUAL SERVICES GENERAL (29%); ADMINISTRATIVE EXPENSES (4%); PROF SERV COMPUTER SERVICES (4%); MAINT & REP GENERAL (4%); OTHR SERV AND CHRGS-GENERAL (3%); DATA PROCESSING SUPPLIES (3%); EQUIPMENT GENERAL (0%),4.0
GOVCONNECTION INC,Mixed,Board of Elections; City University of New York; Department of Education; Independent Budget Office,"IT reseller for government (subsidiary of PC Connection). Hardware, software, IT solutions for public sector.",0,235604,718986,1848840,636991,401629,529644,294948,115623,1984132,9061663,"7719 (95%, DIIT); 7413 (2%, FINANCIAL SYSTEMS AND BUSINESS OPS); 6400 (1%, QUEENSBOROUGH COMM COLLEGE); 0201 (1%, DEPARTMENTAL OPERATIONS); 6915 (0%, LAGUARDIA TECHNOLOGY FEES); 6500 (0%, KINGSBOROUGH COMM COLLEGE); 6515 (0%, KINGSBOROUGH TECHNOLOGY FEES); 6300 (0%, BRONX COMMUNITY COLLEGE); 6800 (0%, HOSTOS COMMUNITY COLLEGE); 2000 (0%, OTHER THAN PERSONAL SERVICE)",SUPPLIES + MATERIALS - GENERAL (97%); OTHR SERV AND CHRGS-GENERAL (1%); DATA PROCESSING EQUIPMENT MAINTENANCE (1%); DATA PROCESSING SUPPLIES (1%); PURCH DATA PROCESSING EQUIPT (0%); PROF SERV COMPUTER SERVICES (0%),0.0
ECS FEDERAL LLC,Mixed,Police Department,"IT services contractor (VA). Cloud, cybersecurity, AI/ML for federal government. 4,000 employees.",0,0,0,0,0,0,0,627733,7366439,7141326,5767786,"4601 (78%, MANAGEMENT INFORMATION SYSTEMS); 2753 (18%, FFY21 URBAN AREA SECURITY INITIATIVE); CRM1 (4%, NYPD: PURCHASE SOFTWARE LICENSES & PROF); 4001 (0%, DEP COMM MANAGEMENT & BUDGET)",DATA PROCESSING EQUIPMENT MAINTENANCE (96%); CAPITAL ONLY FUNDED SBITA (4%); PROMPT PAYMENT INTEREST (0%),4.0
PERATON INC,Mixed,Department of Education; Fire Department; Office of the Comptroller,"National security IT contractor (VA). Cyber, defense, enterprise IT. 18,000 employees. Top 25 defense contractor.",0,0,0,0,0,0,0,4835678,6284075,4868907,5165565,"0702 (67%, INFORMATION SYSTEMS); 7600 (15%, ECTP RELATED COSTS); 4212 (10%, FFY 2022 URBAN AREA SECURITY INITIATIVE); 7157 (8%, SYSTEMS ENGINEERING OTPS); 8807 (1%, UPK DOE CENTRAL); 7263 (0%, OFFICE OF EQUAL OPPORTUNITY); 7731 (0%, OFFICE OF PURCHASING MANAGEMENT); 7719 (0%, DIIT)",DATA PROCESSING EQUIPMENT MAINTENANCE (75%); PROF SERV COMPUTER SERVICES (10%); PROFESSIONAL SVCS CONTRACTUAL (8%); OTHR SERV AND CHRGS-GENERAL (4%); LEASING OF DATA PROC EQUIP (2%); SUPPLIES + MATERIALS - GENERAL (0%); PROMPT PAYMENT INTEREST (0%),10.0
CARAHSOFT TECHNOLOGY CORP,Mixed,Administration for Children's Services; Board of Elections; Brooklyn Community Board # 10; Brooklyn Community Board # 11; Campaign Finance Board; City University of New York; Civilian Complaint Review Board; Department for the Aging; Department of Citywide Administrative Services; Department of Cultural Affairs; Department of Design and Construction; Department of Education; Department of Finance; Department of Health and Mental Hygiene; Department of Probation; Department of Sanitation; Department of Small Business Services; Department of Transportation; Housing Preservation and Development; Landmarks Preservation Commission; Law Department; Mayoralty; NYC Taxi and Limousine Commission; OFFICE OF CRIMINAL JUSTICE; Office of Administrative Tax Appeals; Office of Administrative Trials and Hearings; Office of Payroll Administration; Office of the Comptroller; Police Department; SCHOOL CONSTRUCTION AUTHORITY,"Government IT aggregator/master reseller (VA, founded 2004). 220+ contract vehicles, 10,000+ partners.",0,3404207,3399989,4685808,7275297,6053077,3410542,2232920,6256232,4275054,4467736,"EHRM (36%, ACS: PROCURE SYSTEMS INTEGRATOR FOR ELEC); E707 (9%, 040 E-2366); 6092 (8%, DATA INFRASTRUCTURE); 1601 (8%, MANAGEMENT INFO SVCS); 6600 (7%, MANHATTAN COMMUNITY COLLEGE); E706 (5%, IMPLEMENTATION OF THE SEVENTH FIVE-YEAR); 6500 (3%, KINGSBOROUGH COMM COLLEGE); 2000 (3%, CAMPAIGN FINANCE FUND); 1110 (2%, ADMINISTRATION); 0201 (2%, DEPARTMENTAL OPERATIONS)",CAPITAL PURCHASED EQUIPMENT (36%); OTHR SERV AND CHRGS-GENERAL (16%); ADMINISTRATIVE EXPENSES (14%); PAYMENTS TO DELEGATE AGENCIES (8%); MAINT & REP GENERAL (8%); DATA PROCESSING SUPPLIES (6%); ADVERTISING (5%); DATA PROCESSING EQUIPMENT MAINTENANCE (2%); PROF SERV OTHER (2%); CONTRACTUAL SERVICES GENERAL (1%),0.0
ENVIRONMENTAL SYSTEMS RESEARCH INSTITUTE INC,Digital,Administration for Children's Services; Board of Elections; Borough President - Bronx; Borough President - Brooklyn; Borough President - Manhattan; Borough President - Staten Island; Business Integrity Commission; Campaign Finance Board; City Council; DEPT OF CONSUMER & WORKER PROTECTION; Department for the Aging; Department of Buildings; Department of City Planning; Department of Citywide Administrative Services; Department of Consumer & Worker Protection; Department of Consumer Affairs; Department of Correction; Department of Design and Construction; Department of Education; Department of Emergency Management; Department of Environmental Protection; Department of Finance; Department of Health and Mental Hygiene; Department of Homeless Services; Department of Information Technology and Telecommunications; Department of Parks and Recreation; Department of Sanitation; Department of Small Business Services; Department of Social Services; Department of Transportation; Department of Youth and Community Development; Fire Department; Housing Preservation and Development; Independent Budget Office; Landmarks Preservation Commission; Law Department; Manhattan Community Board # 11; Manhattan Community Board # 2; Manhattan Community Board # 4; Mayoralty; Miscellaneous; NYC Taxi and Limousine Commission; Office of the Comptroller; Police Department; SCHOOL CONSTRUCTION AUTHORITY; Staten Island Community Board # 1,"Esri — ArcGIS geographic information system software licenses, maintenance, and services",792,1609947,1207413,3398921,4151772,2750018,2163842,4255445,2370095,2824508,2093991,,,
